Date,Time,"Virtual Memory Committed [MB]","Virtual Memory Available [MB]","Virtual Memory Load [%]","Physical Memory Used [MB]","Physical Memory Available [MB]","Physical Memory Load [%]","Page File Usage [%]","Core VIDs (avg) [V]","Core 0 VID [V]","Core 1 VID [V]","Core 2 VID [V]","Core 3 VID [V]","Core 4 VID [V]","Core 5 VID [V]","SA VID [V]","Core Clocks (avg) [MHz]","Core 0 Clock [MHz]","Core 1 Clock [MHz]","Core 2 Clock [MHz]","Core 3 Clock [MHz]","Core 4 Clock [MHz]","Core 5 Clock [MHz]","Bus Clock [MHz]","Ring/LLC Clock [MHz]","Core Effective Clocks (avg) [MHz]","Core 0 T0 Effective Clock [MHz]","Core 0 T1 Effective Clock [MHz]","Core 1 T0 Effective Clock [MHz]","Core 1 T1 Effective Clock [MHz]","Core 2 T0 Effective Clock [MHz]","Core 2 T1 Effective Clock [MHz]","Core 3 T0 Effective Clock [MHz]","Core 3 T1 Effective Clock [MHz]","Core 4 T0 Effective Clock [MHz]","Core 4 T1 Effective Clock [MHz]","Core 5 T0 Effective Clock [MHz]","Core 5 T1 Effective Clock [MHz]","Average Effective Clock [MHz]","Core Usage (avg) [%]","Core 0 T0 Usage [%]","Core 0 T1 Usage [%]","Core 1 T0 Usage [%]","Core 1 T1 Usage [%]","Core 2 T0 Usage [%]","Core 2 T1 Usage [%]","Core 3 T0 Usage [%]","Core 3 T1 Usage [%]","Core 4 T0 Usage [%]","Core 4 T1 Usage [%]","Core 5 T0 Usage [%]","Core 5 T1 Usage [%]","Max CPU/Thread Usage [%]","Total CPU Usage [%]","On-Demand Clock Modulation [%]","Core Utility (avg) [%]","Core 0 T0 Utility [%]","Core 0 T1 Utility [%]","Core 1 T0 Utility [%]","Core 1 T1 Utility [%]","Core 2 T0 Utility [%]","Core 2 T1 Utility [%]","Core 3 T0 Utility [%]","Core 3 T1 Utility [%]","Core 4 T0 Utility [%]","Core 4 T1 Utility [%]","Core 5 T0 Utility [%]","Core 5 T1 Utility [%]","Total CPU Utility [%]","Core Ratios (avg) [x]","Core 0 Ratio [x]","Core 1 Ratio [x]","Core 2 Ratio [x]","Core 3 Ratio [x]","Core 4 Ratio [x]","Core 5 Ratio [x]","Uncore Ratio [x]","Core Temperatures (avg) [°C]","Core 0 [°C]","Core 1 [°C]","Core 2 [°C]","Core 3 [°C]","Core 4 [°C]","Core 5 [°C]","Core Distance to TjMAX (avg) [°C]","Core 0 Distance to TjMAX [°C]","Core 1 Distance to TjMAX [°C]","Core 2 Distance to TjMAX [°C]","Core 3 Distance to TjMAX [°C]","Core 4 Distance to TjMAX [°C]","Core 5 Distance to TjMAX [°C]","CPU Package [°C]","Core Max [°C]","Core Thermal Throttling (avg) [Yes/No]","Core 0 Thermal Throttling [Yes/No]","Core 1 Thermal Throttling [Yes/No]","Core 2 Thermal Throttling [Yes/No]","Core 3 Thermal Throttling [Yes/No]","Core 4 Thermal Throttling [Yes/No]","Core 5 Thermal Throttling [Yes/No]","Core Critical Temperature (avg) [Yes/No]","Core 0 Critical Temperature [Yes/No]","Core 1 Critical Temperature [Yes/No]","Core 2 Critical Temperature [Yes/No]","Core 3 Critical Temperature [Yes/No]","Core 4 Critical Temperature [Yes/No]","Core 5 Critical Temperature [Yes/No]","Core Power Limit Exceeded (avg) [Yes/No]","Core 0 Power Limit Exceeded [Yes/No]","Core 1 Power Limit Exceeded [Yes/No]","Core 2 Power Limit Exceeded [Yes/No]","Core 3 Power Limit Exceeded [Yes/No]","Core 4 Power Limit Exceeded [Yes/No]","Core 5 Power Limit Exceeded [Yes/No]","Package/Ring Thermal Throttling [Yes/No]","Package/Ring Critical Temperature [Yes/No]","Package/Ring Power Limit Exceeded [Yes/No]","CPU Package [°C]","CPU IA Cores [°C]","CPU GT Cores (Graphics) [°C]","iGPU VID [V]","Voltage Offsets (avg) [V]","IA Voltage Offset [V]","GT Voltage Offset [V]","CLR (CBo/LLC/Ring) Voltage Offset [V]","GT Media Voltage Offset [V]","SA Voltage Offset [V]","L2 E-core Voltage Offset [V]","VDDQ TX Voltage [V]","VR VCC Current (SVID IOUT) [A]","CPU Package Power [W]","IA Cores Power [W]","GT Cores Power [W]","System Agent Power [W]","Rest-of-Chip Power [W]","PL1 Power Limit (Static) [W]","PL2 Power Limit (Static) [W]","GPU Clock [MHz]","GPU D3D Usage [%]","GPU D3D Utilizations (avg) [%]","GPU Video Decode 0 Usage [%]","GPU Video Decode 1 Usage [%]","GPU Video Processing 0 Usage [%]","GPU D3D Memory Dynamic [MB]","Package C2 Residency [%]","Package C3 Residency [%]","Package C6 Residency [%]","Package C8 Residency [%]","Core C0 Residency (avg) [%]","Core 0 T0 C0 Residency [%]","Core 0 T1 C0 Residency [%]","Core 1 T0 C0 Residency [%]","Core 1 T1 C0 Residency [%]","Core 2 T0 C0 Residency [%]","Core 2 T1 C0 Residency [%]","Core 3 T0 C0 Residency [%]","Core 3 T1 C0 Residency [%]","Core 4 T0 C0 Residency [%]","Core 4 T1 C0 Residency [%]","Core 5 T0 C0 Residency [%]","Core 5 T1 C0 Residency [%]","Core C1 Residency (avg) [%]","Core 0 C1 Residency [%]","Core 1 C1 Residency [%]","Core 2 C1 Residency [%]","Core 3 C1 Residency [%]","Core 4 C1 Residency [%]","Core 5 C1 Residency [%]","Core C6 Residency (avg) [%]","Core 0 C6 Residency [%]","Core 1 C6 Residency [%]","Core 2 C6 Residency [%]","Core 3 C6 Residency [%]","Core 4 C6 Residency [%]","Core 5 C6 Residency [%]","Core C7 Residency (avg) [%]","Core 0 C7 Residency [%]","Core 1 C7 Residency [%]","Core 2 C7 Residency [%]","Core 3 C7 Residency [%]","Core 4 C7 Residency [%]","Core 5 C7 Residency [%]","Memory Clock [MHz]","Memory Clock Ratio [x]","Tcas [T]","Trcd [T]","Trp [T]","Tras [T]","Trc [T]","Trfc [T]","Command Rate [T]","Gear Mode []","IA Limit Reasons (avg) [Yes/No]","IA: PROCHOT [Yes/No]","IA: Thermal Event [Yes/No]","IA: Residency State Regulation [Yes/No]","IA: Running Average Thermal Limit [Yes/No]","IA: VR Thermal Alert [Yes/No]","IA: VR TDC [Yes/No]","IA: Electrical Design Point/Other (ICCmax,PL4,SVID,DDR RAPL) [Yes/No]","IA: Package-Level RAPL/PBM PL1 [Yes/No]","IA: Package-Level RAPL/PBM PL2,PL3 [Yes/No]","IA: Max Turbo Limit [Yes/No]","IA: Turbo Attenuation (MCT) [Yes/No]","IA: Thermal Velocity Boost [Yes/No]","GT Limit Reasons (avg) [Yes/No]","GT: PROCHOT [Yes/No]","GT: Thermal Event [Yes/No]","GT: DDR RAPL [Yes/No]","GT: Residency State Regulation [Yes/No]","GT: Running Average Thermal Limit [Yes/No]","GT: VR Thermal Alert [Yes/No]","GT: VR TDC [Yes/No]","GT: Max VR Voltage, ICCmax, PL4 [Yes/No]","GT: Domain-Level PBM PLGT [Yes/No]","GT: Package-Level RAPL/PBM PL1 [Yes/No]","GT: Package-Level RAPL/PBM PL2,PL3 [Yes/No]","GT: Inefficient Operation [Yes/No]","GT: Fuses limit [Yes/No]","Ring Limit Reasons (avg) [Yes/No]","RING: PROCHOT [Yes/No]","RING: Thermal Event [Yes/No]","RING: DDR RAPL [Yes/No]","RING: Residency State Regulation [Yes/No]","RING: Running Average Thermal Limit [Yes/No]","RING: VR Thermal Alert [Yes/No]","RING: VR TDC [Yes/No]","RING: Max VR Voltage, ICCmax, PL4 [Yes/No]","RING: Package-Level RAPL/PBM PL1 [Yes/No]","RING: Package-Level RAPL/PBM PL2,PL3 [Yes/No]","PCH Temperature [°C]","Drive Temperature [°C]","Drive Failure [Yes/No]","Drive Warning [Yes/No]","Drive Temperature [°C]","Drive Temperature 2 [°C]","Drive Remaining Life [%]","Drive Available Spare [%]","Drive Failure [Yes/No]","Drive Warning [Yes/No]","Total Host Writes [GB]","Total Host Reads [GB]","Read Activity [%]","Write Activity [%]","Total Activity [%]","Read Rate [MB/s]","Write Rate [MB/s]","Read Total [MB]","Write Total [MB]","Read Activity [%]","Write Activity [%]","Total Activity [%]","Read Rate [MB/s]","Write Rate [MB/s]","Read Total [MB]","Write Total [MB]","Framerate Presented (avg) [FPS]","Framerate Presented (99%) [FPS]","Framerate Presented (1%) [FPS]","Framerate Displayed (avg) [FPS]","Frame Time Presented (avg) [ms]","Frame Time Presented (99%) [ms]","Frame Time Presented (1%) [ms]","GPU Busy (avg) [ms]","GPU Wait (avg) [ms]","CPU Busy (avg) [ms]","CPU Wait (avg) [ms]","Total DL [MB]","Total UP [MB]","Current DL rate [KB/s]","Current UP rate [KB/s]","Total DL [MB]","Total UP [MB]","Current DL rate [KB/s]","Current UP rate [KB/s]","Total Errors []",
12.8.2025,23:10:10.990,12272,13528,47.5,10905,13359,44.9,9.5,0.680,0.687,0.676,0.678,0.677,0.682,0.682,0.928,997.6,997.6,997.6,997.6,997.6,997.6,997.6,99.8,798.0,31.8,168.1,113.0,31.5,24.1,20.3,2.3,10.0,0.9,6.1,0.3,5.3,0.1,31.8,11.7,12.1,8.2,2.5,3.0,1.6,36.0,0.7,0.0,0.4,40.9,1.1,33.9,40.9,11.7,100.0,1.2,6.3,4.2,1.3,0.9,0.8,0.1,0.4,0.0,0.3,0.0,0.2,0.0,1.2,10.0,10.0,10.0,10.0,10.0,10.0,10.0,8.0,44,45,44,46,43,44,44,56,55,56,54,57,56,56,47,46,No,No,No,No,No,No,No,No,No,No,No,No,No,No,No,No,No,No,No,No,No,No,No,No,51,51,46,0.307,0.000,0.000,0.000,0.000,0.000,0.000,0.000,1.200,15.723,8.249,1.186,0.007,5.306,0.746,65.0,93.0,700.0,0.7,0.0,0.0,0.0,0.0,811,57.2,0.0,0.0,0.0,2.5,12.9,8.5,2.8,1.7,1.8,0.2,1.0,0.1,0.6,0.0,0.5,0.0,3.4,20.5,0.0,0.0,0.0,0.0,0.0,0.0,0.0,0.0,0.0,0.0,0.0,0.0,91.2,59.3,94.4,97.0,98.3,99.0,99.2,1330.1,13.33,19,19,19,43,62,467,2,1,Yes,No,No,No,No,No,No,No,No,No,Yes,No,No,No,No,No,No,No,No,No,No,No,No,No,No,No,No,Yes,No,No,No,No,No,No,No,Yes,No,No,56.0,35,No,No,29,29,93.0,100.0,No,No,7568,3950,0.0,0.0,0.0,0.000,0.000,2,0,0.0,0.3,0.3,0.000,0.014,21728,26827,11.3,59.3,3.2,11.4,88.51,313.21,16.88,0.27,0.00,165.60,0.00,0,0,0.0,0.0,586,552,16.4,12.7,0,
12.8.2025,23:10:12.990,12272,13528,47.5,10927,13336,45.0,9.5,0.732,0.742,0.739,0.744,0.746,0.676,0.746,0.928,1695.9,1695.9,1795.6,1895.4,1895.4,997.6,1895.4,99.8,1296.8,285.4,677.4,592.0,633.4,471.4,363.7,232.3,137.4,110.8,139.1,48.7,16.8,1.9,285.4,8.1,22.5,18.4,17.7,10.9,10.4,4.8,3.8,1.9,4.5,1.1,1.2,0.0,22.5,8.1,100.0,10.1,23.9,20.8,22.3,16.6,12.9,8.4,4.9,4.0,5.1,1.8,0.6,0.1,10.1,17.0,17.0,18.0,19.0,19.0,10.0,19.0,13.0,45,46,44,46,46,42,44,55,54,56,54,54,58,56,47,46,No,No,No,No,No,No,No,No,No,No,No,No,No,No,No,No,No,No,No,No,No,No,No,No,48,47,48,0.320,0.000,0.000,0.000,0.000,0.000,0.000,0.000,1.200,2.695,7.846,0.811,0.006,5.282,0.744,65.0,93.0,700.0,2.9,0.0,0.0,0.0,0.0,815,29.4,0.0,0.0,0.0,8.1,22.3,17.8,17.2,11.8,9.9,5.8,3.9,2.9,3.9,1.3,0.7,0.1,11.3,33.0,12.1,14.8,5.0,2.7,0.0,0.7,0.0,2.0,2.2,0.0,0.0,0.0,73.5,32.8,61.1,68.5,88.1,91.6,99.0,1330.1,13.33,19,19,19,43,62,467,2,1,Yes,No,No,No,No,No,No,No,No,No,Yes,No,No,No,No,No,No,No,No,No,No,No,No,No,No,No,No,Yes,No,No,No,No,No,No,No,Yes,No,No,56.0,35,No,No,31,31,93.0,100.0,No,No,7568,3950,0.0,0.0,0.0,0.000,0.000,2,0,0.1,0.1,0.2,0.000,0.078,21728,26827,19.0,74.0,5.1,19.2,52.56,194.48,13.52,0.66,0.16,33.02,0.00,0,0,0.0,0.0,586,552,7.0,7.2,0,
12.8.2025,23:10:14.987,12266,13533,47.5,10918,13346,44.9,9.5,0.681,0.685,0.682,0.677,0.677,0.683,0.682,0.928,1014.2,1097.3,997.6,997.6,997.6,997.6,997.6,99.8,798.0,79.7,355.0,285.8,125.4,63.7,68.6,20.3,20.3,0.8,8.9,0.2,7.1,0.1,79.7,3.9,17.3,14.7,6.5,3.4,2.8,0.0,1.8,0.0,0.0,0.0,0.0,0.0,17.3,3.9,100.0,2.9,12.7,10.1,4.6,2.3,2.5,0.8,0.8,0.0,0.3,0.0,0.3,0.0,2.9,10.2,11.0,10.0,10.0,10.0,10.0,10.0,8.0,44,43,45,45,43,43,44,56,57,55,55,57,57,56,47,45,No,No,No,No,No,No,No,No,No,No,No,No,No,No,No,No,No,No,No,No,No,No,No,No,48,48,45,0.307,0.000,0.000,0.000,0.000,0.000,0.000,0.000,1.200,16.172,15.938,8.609,0.032,5.509,0.780,65.0,93.0,700.0,3.8,0.0,0.0,0.0,0.0,812,39.2,0.0,0.0,0.0,3.9,17.7,14.7,6.5,2.7,2.9,0.6,1.0,0.0,0.5,0.0,0.4,0.0,5.8,29.7,3.5,1.8,0.0,0.0,0.0,0.0,0.0,0.0,0.0,0.0,0.0,0.0,86.4,41.6,86.3,93.7,98.3,99.0,99.4,1330.1,13.33,19,19,19,43,62,467,2,1,Yes,No,No,No,No,No,No,No,No,No,Yes,No,No,No,No,No,No,No,No,No,No,No,No,No,No,No,No,Yes,No,No,No,No,No,No,No,Yes,No,No,56.0,35,No,No,30,30,93.0,100.0,No,No,7568,3950,0.0,0.0,0.0,0.000,0.000,2,0,0.0,0.2,0.3,0.032,0.202,21729,26827,1493.6,1558.9,205.5,39.6,0.67,4.87,0.64,0.62,0.00,2.56,0.20,0,0,0.0,0.0,586,552,12.3,10.5,0,
12.8.2025,23:10:16.979,12257,13542,47.5,10914,13349,44.9,9.5,0.679,0.683,0.677,0.673,0.673,0.683,0.683,0.928,931.1,997.6,897.8,897.8,798.0,997.6,997.6,99.8,798.0,74.8,313.1,253.0,143.3,90.6,47.1,2.8,22.8,4.7,14.8,0.8,4.0,0.5,74.8,6.1,16.0,12.4,6.9,3.6,2.4,3.8,1.4,0.8,1.5,11.6,0.9,11.6,16.0,6.1,100.0,2.7,11.3,8.9,5.2,3.2,1.7,0.1,0.9,0.2,0.6,0.0,0.2,0.0,2.7,9.3,10.0,9.0,9.0,8.0,10.0,10.0,8.0,45,46,44,44,47,44,44,55,54,56,56,53,56,56,46,47,No,No,No,No,No,No,No,No,No,No,No,No,No,No,No,No,No,No,No,No,No,No,No,No,55,55,47,0.307,0.000,0.000,0.000,0.000,0.000,0.000,0.000,1.200,16.172,9.468,2.212,0.045,5.440,0.769,65.0,93.0,700.0,1.7,0.0,0.0,0.0,0.0,812,39.9,0.0,0.0,0.0,3.8,16.7,12.5,7.2,3.7,2.7,0.2,1.6,0.2,0.9,0.1,0.3,0.0,6.4,27.5,10.0,0.9,0.0,0.0,0.0,0.0,0.0,0.0,0.0,0.0,0.0,0.0,85.8,45.7,78.6,95.2,97.3,98.5,99.3,1330.1,13.33,19,19,19,43,62,467,2,1,Yes,No,No,No,No,No,No,No,No,No,Yes,No,No,No,No,No,No,No,No,No,No,No,No,No,No,No,No,Yes,No,No,No,No,No,No,No,Yes,No,No,56.0,35,No,No,31,31,93.0,100.0,No,No,7568,3950,0.0,0.0,0.0,0.000,0.000,2,0,0.0,0.5,0.5,0.000,0.390,21729,26828,30.8,60.7,1.8,21.1,32.50,550.88,16.48,1.00,109.92,403.21,0.47,0,0,0.0,0.0,586,552,58.2,54.8,0,
12.8.2025,23:10:18.979,12257,13543,47.5,10914,13350,44.9,9.5,1.076,1.077,1.076,1.076,1.076,1.077,1.077,0.926,4090.0,4090.0,4090.0,4090.0,4090.0,4090.0,4090.0,99.8,3691.0,3262.9,3313.1,3288.1,3309.0,3268.4,3252.2,3248.8,3250.5,3244.1,3244.4,3244.1,3246.3,3245.3,3262.9,80.4,82.9,81.6,81.6,80.2,79.7,79.6,79.8,79.5,79.4,82.0,79.4,79.5,82.9,80.4,100.0,109.1,111.1,110.1,110.7,109.3,108.8,108.6,108.6,108.4,108.4,108.4,108.4,108.4,109.1,41.0,41.0,41.0,41.0,41.0,41.0,41.0,37.0,64,66,63,64,65,61,63,36,34,37,36,35,39,37,66,66,No,No,No,No,No,No,No,No,No,No,No,No,No,No,No,No,No,No,No,No,No,No,No,No,67,67,50,0.317,0.000,0.000,0.000,0.000,0.000,0.000,0.000,1.200,53.907,9.403,2.269,0.017,5.355,0.755,65.0,93.0,700.0,1.0,0.0,0.0,0.0,0.0,812,11.2,0.0,0.0,0.0,80.2,82.9,81.5,81.6,80.0,79.8,79.5,79.9,79.4,79.5,79.4,79.5,79.4,0.7,3.0,1.2,0.0,0.0,0.0,0.0,0.0,0.0,0.0,0.0,0.0,0.0,0.0,18.1,12.4,16.3,19.7,19.8,20.2,20.1,1330.1,13.33,19,19,19,43,62,467,2,1,Yes,No,No,No,No,No,No,No,No,No,Yes,No,No,No,No,No,No,No,No,No,No,No,No,No,No,No,No,Yes,No,No,No,No,No,No,No,Yes,No,No,56.0,35,No,No,32,32,93.0,100.0,No,No,7568,3950,0.0,0.0,0.0,0.000,0.000,2,0,0.0,0.2,0.2,0.000,0.096,21729,26828,18.0,835.4,1.8,13.0,55.59,541.17,1.20,0.98,0.04,242.34,0.25,0,0,0.0,0.0,586,552,45.9,41.1,0,
12.8.2025,23:10:20.989,12252,13548,47.4,10909,13355,44.9,9.5,1.076,1.077,1.076,1.076,1.076,1.075,1.075,0.926,4090.0,4090.0,4090.0,4090.0,4090.0,4090.0,4090.0,99.8,3691.0,4086.0,4081.9,4084.2,4086.4,4086.7,4086.3,4086.7,4086.9,4087.0,4085.3,4086.7,4087.0,4087.1,4086.0,100.0,100.0,100.0,100.0,100.0,100.0,100.0,100.0,100.0,100.0,100.0,100.0,100.0,100.0,100.0,100.0,136.7,136.7,136.7,136.7,136.7,136.7,136.7,136.7,136.7,136.7,136.7,136.7,136.7,136.7,41.0,41.0,41.0,41.0,41.0,41.0,41.0,37.0,66,66,65,68,69,62,66,34,34,35,32,31,38,34,68,69,No,No,No,No,No,No,No,No,No,No,No,No,No,No,No,No,No,No,No,No,No,No,No,No,68,68,53,0.317,0.000,0.000,0.000,0.000,0.000,0.000,0.000,1.200,53.009,52.791,45.620,0.017,5.405,0.741,65.0,93.0,700.0,0.7,0.0,0.0,0.0,0.0,812,0.0,0.0,0.0,0.0,99.9,99.8,99.8,99.9,99.9,99.9,99.9,99.9,99.9,99.9,99.9,99.9,99.9,0.0,0.0,0.0,0.0,0.0,0.0,0.0,0.0,0.0,0.0,0.0,0.0,0.0,0.0,0.0,0.0,0.0,0.0,0.0,0.0,0.0,1330.1,13.33,19,19,19,43,62,467,2,1,Yes,No,No,No,No,No,No,No,No,No,Yes,No,No,No,No,No,No,No,No,No,No,No,No,No,No,No,No,No,No,No,No,No,No,No,No,No,No,No,56.0,35,No,No,30,30,93.0,100.0,No,No,7568,3950,0.0,0.0,0.0,0.000,0.000,2,0,0.0,0.6,0.6,0.000,0.365,21729,26829,12.5,49.7,3.2,11.9,80.27,316.83,20.12,0.24,0.00,174.31,0.00,0,0,0.0,0.0,586,552,23.0,18.5,0,
12.8.2025,23:10:22.984,12249,13551,47.4,10909,13355,44.9,9.5,1.077,1.078,1.076,1.076,1.077,1.077,1.077,0.926,4090.0,4090.0,4090.0,4090.0,4090.0,4090.0,4090.0,99.8,3691.0,4086.5,4083.1,4086.5,4086.6,4086.9,4086.4,4087.1,4087.2,4087.1,4086.2,4087.0,4087.0,4087.2,4086.5,100.0,100.0,100.0,100.0,100.0,100.0,100.0,100.0,100.0,100.0,100.0,100.0,100.0,100.0,100.0,100.0,136.7,136.7,136.7,136.7,136.7,136.7,136.7,136.7,136.7,136.7,136.7,136.7,136.7,136.7,41.0,41.0,41.0,41.0,41.0,41.0,41.0,37.0,67,67,65,68,68,65,67,33,33,35,32,32,35,33,68,68,No,No,No,No,No,No,No,No,No,No,No,No,No,No,No,No,No,No,No,No,No,No,No,No,70,70,53,0.317,0.000,0.000,0.000,0.000,0.000,0.000,0.000,1.200,53.458,64.025,56.853,0.013,5.418,0.732,65.0,93.0,700.0,0.6,0.0,0.0,0.0,0.0,812,0.0,0.0,0.0,0.0,99.9,99.8,99.9,99.9,99.9,99.9,99.9,99.9,99.9,99.9,99.9,99.9,99.9,0.0,0.0,0.0,0.0,0.0,0.0,0.0,0.0,0.0,0.0,0.0,0.0,0.0,0.0,0.0,0.0,0.0,0.0,0.0,0.0,0.0,1330.1,13.33,19,19,19,43,62,467,2,1,Yes,No,No,No,No,No,No,No,No,No,Yes,No,No,No,No,No,No,No,No,No,No,No,No,No,No,No,No,No,No,No,No,No,No,No,No,No,No,No,56.0,35,No,No,30,30,93.0,100.0,No,No,7568,3950,0.0,0.0,0.0,0.000,0.000,2,0,0.0,0.0,0.0,0.000,0.000,21729,26829,10.1,49.0,3.2,10.3,98.55,316.87,20.40,0.22,0.00,199.93,0.00,0,0,0.0,0.0,586,552,10.7,11.1,0,
12.8.2025,23:10:24.978,12248,13552,47.4,10905,13359,44.9,9.5,1.076,1.078,1.076,1.076,1.076,1.076,1.076,0.926,4090.0,4090.0,4090.0,4090.0,4090.0,4090.0,4090.0,99.8,3691.0,4086.3,4083.0,4085.0,4086.3,4086.9,4086.2,4087.2,4087.3,4087.2,4085.9,4086.9,4087.1,4087.2,4086.3,100.0,100.0,100.0,100.0,100.0,100.0,100.0,100.0,100.0,100.0,100.0,100.0,100.0,100.0,100.0,100.0,136.7,136.7,136.7,136.7,136.7,136.7,136.7,136.7,136.7,136.7,136.7,136.7,136.7,136.7,41.0,41.0,41.0,41.0,41.0,41.0,41.0,37.0,68,69,67,69,68,64,69,32,31,33,31,32,36,31,69,69,No,No,No,No,No,No,No,No,No,No,No,No,No,No,No,No,No,No,No,No,No,No,No,No,69,69,54,0.317,0.000,0.000,0.000,0.000,0.000,0.000,0.000,1.200,54.356,63.928,56.772,0.016,5.400,0.729,65.0,93.0,700.0,0.7,0.0,0.0,0.0,0.0,806,0.0,0.0,0.0,0.0,99.9,99.8,99.8,99.9,99.9,99.9,99.9,99.9,99.9,99.9,99.9,99.9,99.9,0.0,0.0,0.0,0.0,0.0,0.0,0.0,0.0,0.0,0.0,0.0,0.0,0.0,0.0,0.0,0.0,0.0,0.0,0.0,0.0,0.0,1330.1,13.33,19,19,19,43,62,467,2,1,Yes,No,No,No,No,No,No,No,No,No,Yes,No,No,No,No,No,No,No,No,No,No,No,No,No,No,No,No,No,No,No,No,No,No,No,No,No,No,No,55.0,35,No,No,30,30,93.0,100.0,No,No,7568,3950,0.0,0.0,0.0,0.000,0.000,2,0,0.0,0.2,0.2,0.000,0.040,21729,26829,8.9,59.7,3.2,8.8,112.19,314.94,16.76,0.25,0.00,173.68,0.00,0,0,0.0,0.0,586,552,16.4,16.7,0,
12.8.2025,23:10:26.990,12247,13553,47.4,10905,13358,44.9,9.5,1.076,1.078,1.076,1.076,1.076,1.076,1.076,0.923,4091.0,4091.0,4091.0,4091.0,4091.0,4091.0,4091.0,99.8,3691.9,4086.4,4082.9,4086.3,4086.3,4087.0,4086.4,4087.1,4087.1,4087.1,4086.0,4087.0,4087.0,4087.0,4086.4,100.0,100.0,100.0,100.0,100.0,100.0,100.0,100.0,100.0,100.0,100.0,100.0,100.0,100.0,100.0,100.0,136.7,136.7,136.7,136.7,136.7,136.7,136.7,136.7,136.7,136.7,136.7,136.7,136.7,136.7,41.0,41.0,41.0,41.0,41.0,41.0,41.0,37.0,68,70,67,69,70,65,67,32,30,33,31,30,35,33,70,70,No,No,No,No,No,No,No,No,No,No,No,No,No,No,No,No,No,No,No,No,No,No,No,No,71,71,54,0.317,0.000,0.000,0.000,0.000,0.000,0.000,0.000,1.200,53.009,63.911,56.750,0.012,5.412,0.730,65.0,93.0,700.0,0.6,0.0,0.0,0.0,0.0,806,0.0,0.0,0.0,0.0,99.9,99.8,99.9,99.9,99.9,99.9,99.9,99.9,99.9,99.9,99.9,99.9,99.9,0.0,0.0,0.0,0.0,0.0,0.0,0.0,0.0,0.0,0.0,0.0,0.0,0.0,0.0,0.0,0.0,0.0,0.0,0.0,0.0,0.0,1330.4,13.33,19,19,19,43,62,467,2,1,Yes,No,No,No,No,No,No,No,No,No,Yes,No,No,No,No,No,No,No,No,No,No,No,No,No,No,No,No,No,No,No,No,No,No,No,No,No,No,No,56.0,35,No,No,30,30,93.0,100.0,No,No,7568,3950,0.0,0.0,0.0,0.000,0.000,2,0,0.0,0.1,0.1,0.000,0.046,21729,26829,8.2,202.1,3.2,8.0,122.19,316.41,4.95,0.24,0.00,172.75,0.00,0,0,0.0,0.0,586,552,13.4,9.9,0,
12.8.2025,23:10:28.983,12304,13496,47.6,10933,13331,45.0,9.5,1.076,1.075,1.076,1.076,1.076,1.076,1.076,0.923,4090.0,4090.0,4090.0,4090.0,4090.0,4090.0,4090.0,99.8,3691.0,4085.9,4082.6,4085.7,4085.8,4085.9,4085.6,4086.2,4086.8,4086.8,4085.5,4086.6,4086.9,4087.0,4085.9,100.0,100.0,100.0,100.0,100.0,100.0,100.0,100.0,100.0,100.0,100.0,100.0,100.0,100.0,100.0,100.0,136.7,136.7,136.7,136.7,136.7,136.7,136.7,136.7,136.7,136.7,136.7,136.7,136.7,136.7,41.0,41.0,41.0,41.0,41.0,41.0,41.0,37.0,70,73,69,71,70,66,69,30,27,31,29,30,34,31,73,73,No,No,No,No,No,No,No,No,No,No,No,No,No,No,No,No,No,No,No,No,No,No,No,No,72,72,55,0.315,0.000,0.000,0.000,0.000,0.000,0.000,0.000,1.200,54.356,63.916,56.741,0.013,5.419,0.730,65.0,93.0,700.0,0.7,0.0,0.0,0.0,0.0,806,0.0,0.0,0.0,0.0,99.9,99.8,99.9,99.9,99.9,99.9,99.9,99.9,99.9,99.9,99.9,99.9,99.9,0.0,0.0,0.0,0.0,0.0,0.0,0.0,0.0,0.0,0.0,0.0,0.0,0.0,0.0,0.0,0.0,0.0,0.0,0.0,0.0,0.0,1330.1,13.33,19,19,19,43,62,467,2,1,Yes,No,No,No,No,No,No,No,No,No,Yes,No,No,No,No,No,No,No,No,No,No,No,No,No,No,No,No,No,No,No,No,No,No,No,No,No,No,No,56.0,35,No,No,32,32,93.0,100.0,No,No,7568,3950,0.0,0.0,0.0,0.000,0.000,2,0,0.0,0.3,0.3,0.000,0.162,21729,26829,7.6,49.5,3.2,7.7,132.29,316.44,20.20,0.29,0.00,179.08,0.00,0,0,0.0,0.0,586,552,13.4,11.5,0,
12.8.2025,23:10:30.990,12242,13557,47.4,10902,13362,44.9,9.5,1.076,1.078,1.076,1.076,1.076,1.076,1.077,0.923,4090.0,4090.0,4090.0,4090.0,4090.0,4090.0,4090.0,99.8,3691.0,4086.0,4082.2,4084.5,4085.9,4086.3,4086.3,4087.0,4087.1,4087.1,4085.5,4086.6,4086.9,4087.0,4086.0,100.0,100.0,100.0,100.0,100.0,100.0,100.0,100.0,100.0,100.0,100.0,100.0,100.0,100.0,100.0,100.0,136.7,136.7,136.7,136.7,136.7,136.7,136.7,136.7,136.7,136.7,136.7,136.7,136.7,136.7,41.0,41.0,41.0,41.0,41.0,41.0,41.0,37.0,70,70,68,71,72,67,70,30,30,32,29,28,33,30,71,72,No,No,No,No,No,No,No,No,No,No,No,No,No,No,No,No,No,No,No,No,No,No,No,No,74,74,55,0.315,0.000,0.000,0.000,0.000,0.000,0.000,0.000,1.200,53.458,64.140,56.922,0.014,5.459,0.735,65.0,93.0,700.0,0.7,0.0,0.0,0.0,0.0,806,0.0,0.0,0.0,0.0,99.9,99.8,99.8,99.9,99.9,99.9,99.9,99.9,99.9,99.9,99.9,99.9,99.9,0.0,0.0,0.0,0.0,0.0,0.0,0.0,0.0,0.0,0.0,0.0,0.0,0.0,0.0,0.0,0.0,0.0,0.0,0.0,0.0,0.0,1330.1,13.33,19,19,19,43,62,467,2,1,Yes,No,No,No,No,No,No,No,No,No,Yes,No,No,No,No,No,No,No,No,No,No,No,No,No,No,No,No,No,No,No,No,No,No,No,No,No,No,No,56.0,35,No,No,30,30,93.0,100.0,No,No,7568,3950,0.0,0.0,0.0,0.000,0.000,2,0,0.0,0.1,0.1,0.000,0.008,21729,26829,7.3,53.7,3.3,7.2,136.96,300.38,18.64,0.24,0.00,158.39,0.00,0,0,0.0,0.0,587,552,19.7,20.0,0,
12.8.2025,23:10:32.990,12240,13559,47.4,10899,13365,44.9,9.5,1.076,1.077,1.076,1.076,1.076,1.076,1.076,0.923,4090.0,4090.0,4090.0,4090.0,4090.0,4090.0,4090.0,99.8,3691.0,4086.2,4082.8,4083.4,4086.3,4087.0,4086.4,4086.8,4087.2,4087.1,4085.9,4087.0,4087.0,4087.2,4086.2,100.0,100.0,100.0,100.0,100.0,100.0,100.0,100.0,100.0,100.0,100.0,100.0,100.0,100.0,100.0,100.0,136.7,136.7,136.7,136.7,136.7,136.7,136.7,136.7,136.7,136.7,136.7,136.7,136.7,136.7,41.0,41.0,41.0,41.0,41.0,41.0,41.0,37.0,70,70,68,71,73,67,71,30,30,32,29,27,33,29,72,73,No,No,No,No,No,No,No,No,No,No,No,No,No,No,No,No,No,No,No,No,No,No,No,No,72,72,55,0.315,0.000,0.000,0.000,0.000,0.000,0.000,0.000,1.200,53.907,64.319,57.112,0.013,5.447,0.732,65.0,93.0,700.0,0.6,0.0,0.0,0.0,0.0,804,0.0,0.0,0.0,0.0,99.9,99.8,99.8,99.9,99.9,99.9,99.9,99.9,99.9,99.9,99.9,99.9,99.9,0.0,0.0,0.0,0.0,0.0,0.0,0.0,0.0,0.0,0.0,0.0,0.0,0.0,0.0,0.0,0.0,0.0,0.0,0.0,0.0,0.0,1330.1,13.33,19,19,19,43,62,467,2,1,Yes,No,No,No,No,No,No,No,No,No,Yes,No,No,No,No,No,No,No,No,No,No,No,No,No,No,No,No,No,No,No,No,No,No,No,No,No,No,No,56.0,35,No,No,29,29,93.0,100.0,No,No,7568,3950,0.0,0.0,0.0,0.000,0.000,2,0,0.0,0.3,0.3,0.000,0.014,21729,26829,6.9,46.0,3.2,6.9,145.75,317.00,21.75,0.22,0.00,194.94,0.00,0,0,0.0,0.0,587,552,13.7,12.2,0,
12.8.2025,23:10:34.989,12240,13559,47.4,10898,13366,44.9,9.5,1.077,1.078,1.077,1.077,1.077,1.077,1.077,0.923,4090.0,4090.0,4090.0,4090.0,4090.0,4090.0,4090.0,99.8,3691.0,4086.3,4083.2,4086.1,4086.7,4087.1,4084.7,4086.9,4087.1,4087.0,4086.2,4086.9,4086.9,4087.1,4086.3,100.0,100.0,100.0,100.0,100.0,100.0,100.0,100.0,100.0,100.0,100.0,100.0,100.0,100.0,100.0,100.0,136.7,136.7,136.7,136.7,136.7,136.6,136.7,136.7,136.7,136.7,136.7,136.7,136.7,136.7,41.0,41.0,41.0,41.0,41.0,41.0,41.0,37.0,71,73,70,72,72,67,70,29,27,30,28,28,33,30,73,73,No,No,No,No,No,No,No,No,No,No,No,No,No,No,No,No,No,No,No,No,No,No,No,No,74,74,56,0.315,0.000,0.000,0.000,0.000,0.000,0.000,0.000,1.200,54.356,64.001,56.780,0.016,5.464,0.730,65.0,93.0,700.0,0.7,0.0,0.0,0.0,0.0,804,0.0,0.0,0.0,0.0,99.9,99.8,99.9,99.9,99.9,99.8,99.9,99.9,99.9,99.9,99.9,99.9,99.9,0.0,0.0,0.0,0.0,0.0,0.0,0.0,0.0,0.0,0.0,0.0,0.0,0.0,0.0,0.0,0.0,0.0,0.0,0.0,0.0,0.0,1330.1,13.33,19,19,19,43,62,467,2,1,Yes,No,No,No,No,No,No,No,No,No,Yes,No,No,No,No,No,No,No,No,No,No,No,No,No,No,No,No,No,No,No,No,No,No,No,No,No,No,No,56.0,35,No,No,30,30,93.0,100.0,No,No,7568,3950,0.0,0.0,0.0,0.000,0.000,2,0,0.0,0.3,0.3,0.000,0.181,21729,26830,6.6,54.1,3.2,6.6,151.32,316.74,18.49,0.27,0.00,176.45,0.00,0,0,0.0,0.0,587,552,6.6,6.6,0,
12.8.2025,23:10:36.978,12236,13563,47.4,10895,13369,44.9,9.5,1.076,1.078,1.076,1.076,1.076,1.076,1.076,0.923,4090.0,4090.0,4090.0,4090.0,4090.0,4090.0,4090.0,99.8,3691.0,4086.1,4081.8,4085.5,4086.0,4087.0,4085.7,4086.7,4087.1,4087.1,4085.7,4086.8,4087.0,4087.2,4086.1,100.0,100.0,100.0,100.0,100.0,100.0,100.0,100.0,100.0,100.0,100.0,100.0,100.0,100.0,100.0,100.0,136.7,136.7,136.7,136.7,136.7,136.7,136.7,136.7,136.7,136.7,136.7,136.7,136.7,136.7,41.0,41.0,41.0,41.0,41.0,41.0,41.0,37.0,71,73,70,72,72,70,71,29,27,30,28,28,30,29,73,73,No,No,No,No,No,No,No,No,No,No,No,No,No,No,No,No,No,No,No,No,No,No,No,No,74,74,57,0.315,0.000,0.000,0.000,0.000,0.000,0.000,0.000,1.200,54.356,64.080,56.874,0.012,5.449,0.732,65.0,93.0,700.0,0.7,0.0,0.0,0.0,0.0,804,0.0,0.0,0.0,0.0,99.9,99.8,99.9,99.9,99.9,99.9,99.9,99.9,99.9,99.9,99.9,99.9,99.9,0.0,0.0,0.0,0.0,0.0,0.0,0.0,0.0,0.0,0.0,0.0,0.0,0.0,0.0,0.0,0.0,0.0,0.0,0.0,0.0,0.0,1330.1,13.33,19,19,19,43,62,467,2,1,Yes,No,No,No,No,No,No,No,No,No,Yes,No,No,No,No,No,No,No,No,No,No,No,No,No,No,No,No,No,No,No,No,No,No,No,No,No,No,No,56.0,35,No,No,30,30,93.0,100.0,No,No,7568,3950,0.0,0.0,0.0,0.000,0.000,2,0,0.0,0.2,0.2,0.000,0.045,21729,26830,6.3,29.3,3.2,6.4,159.64,316.73,34.14,0.30,0.00,200.02,0.00,0,0,0.0,0.0,587,552,11.1,11.5,0,
12.8.2025,23:10:38.988,12240,13559,47.4,10896,13368,44.9,9.5,1.076,1.078,1.075,1.075,1.075,1.075,1.076,0.923,4090.0,4090.0,4090.0,4090.0,4090.0,4090.0,4090.0,99.8,3691.0,4085.4,4080.2,4084.5,4085.5,4086.3,4084.7,4086.0,4086.4,4086.9,4084.9,4086.2,4086.5,4087.0,4085.4,100.0,100.0,100.0,100.0,100.0,100.0,100.0,100.0,100.0,100.0,100.0,100.0,100.0,100.0,100.0,100.0,136.7,136.7,136.7,136.7,136.7,136.7,136.7,136.7,136.7,136.7,136.7,136.7,136.7,136.7,41.0,41.0,41.0,41.0,41.0,41.0,41.0,37.0,72,72,70,72,73,69,74,28,28,30,28,27,31,26,73,74,No,No,No,No,No,No,No,No,No,No,No,No,No,No,No,No,No,No,No,No,No,No,No,No,74,74,58,0.315,0.000,0.000,0.000,0.000,0.000,0.000,0.000,1.200,53.458,64.084,56.879,0.011,5.449,0.730,65.0,93.0,700.0,1.2,0.0,0.0,0.0,0.0,840,0.0,0.0,0.0,0.0,99.9,99.7,99.8,99.9,99.9,99.8,99.9,99.9,99.9,99.8,99.9,99.9,99.9,0.0,0.0,0.0,0.0,0.0,0.0,0.0,0.0,0.0,0.0,0.0,0.0,0.0,0.0,0.0,0.0,0.0,0.0,0.0,0.0,0.0,1330.1,13.33,19,19,19,43,62,467,2,1,Yes,No,No,No,No,No,No,No,No,No,Yes,No,No,No,No,No,No,No,No,No,No,No,No,No,No,No,No,No,No,No,No,No,No,No,No,No,No,No,56.0,35,No,No,31,31,93.0,100.0,No,No,7568,3950,0.0,0.0,0.0,0.000,0.000,2,0,0.0,0.1,0.1,0.000,0.034,21729,26830,8.1,87.8,3.2,7.9,123.22,316.86,11.39,0.48,0.14,64.37,0.00,0,0,0.0,0.0,587,552,14.7,11.5,0,
12.8.2025,23:10:40.989,12241,13559,47.4,10895,13369,44.9,9.5,1.076,1.077,1.076,1.075,1.075,1.075,1.076,0.923,4090.0,4090.0,4090.0,4090.0,4090.0,4090.0,4090.0,99.8,3691.0,4086.2,4082.3,4085.3,4086.4,4086.8,4085.8,4087.0,4087.2,4087.2,4085.8,4086.3,4086.7,4087.1,4086.2,100.0,100.0,100.0,100.0,100.0,100.0,100.0,100.0,100.0,100.0,100.0,100.0,100.0,100.0,100.0,100.0,136.7,136.7,136.7,136.7,136.7,136.7,136.7,136.7,136.7,136.7,136.7,136.7,136.7,136.7,41.0,41.0,41.0,41.0,41.0,41.0,41.0,37.0,72,74,70,73,73,70,72,28,26,30,27,27,30,28,74,74,No,No,No,No,No,No,No,No,No,No,No,No,No,No,No,No,No,No,No,No,No,No,No,No,74,74,58,0.315,0.000,0.000,0.000,0.000,0.000,0.000,0.000,1.200,54.356,64.512,57.162,0.022,5.570,0.743,65.0,93.0,700.0,0.6,0.0,0.0,0.0,0.0,840,0.0,0.0,0.0,0.0,99.9,99.8,99.9,99.9,99.9,99.9,99.9,99.9,99.9,99.9,99.9,99.9,99.9,0.0,0.0,0.0,0.0,0.0,0.0,0.0,0.0,0.0,0.0,0.0,0.0,0.0,0.0,0.0,0.0,0.0,0.0,0.0,0.0,0.0,1330.1,13.33,19,19,19,43,62,467,2,1,Yes,No,No,No,No,No,No,No,No,No,Yes,No,No,No,No,No,No,No,No,No,No,No,No,No,No,No,No,No,No,No,No,No,No,No,No,No,No,No,56.0,35,No,No,30,30,93.0,100.0,No,No,7568,3950,0.0,0.0,0.0,0.000,0.000,2,0,0.0,0.1,0.1,0.000,0.009,21729,26830,8.0,62.4,3.2,8.1,125.62,312.46,16.02,0.24,0.00,134.52,0.00,0,0,0.0,0.0,587,552,10.2,10.3,0,
12.8.2025,23:10:42.987,12238,13562,47.4,10894,13370,44.8,9.5,1.072,1.072,1.071,1.071,1.071,1.071,1.071,0.921,4090.0,4090.0,4090.0,4090.0,4090.0,4090.0,4090.0,99.8,3691.0,4086.0,4082.7,4082.1,4086.8,4087.0,4086.0,4087.0,4087.1,4087.1,4085.3,4086.8,4086.6,4087.1,4086.0,100.0,100.0,100.0,100.0,100.0,100.0,100.0,100.0,100.0,100.0,100.0,100.0,100.0,100.0,100.0,100.0,136.7,136.7,136.6,136.7,136.7,136.7,136.7,136.7,136.7,136.7,136.7,136.7,136.7,136.7,41.0,41.0,41.0,41.0,41.0,41.0,41.0,37.0,72,74,70,73,74,70,72,28,26,30,27,26,30,28,74,74,No,No,No,No,No,No,No,No,No,No,No,No,No,No,No,No,No,No,No,No,No,No,No,No,74,74,59,0.315,0.000,0.000,0.000,0.000,0.000,0.000,0.000,1.200,53.907,64.113,56.863,0.010,5.495,0.731,65.0,93.0,700.0,0.5,0.0,0.0,0.0,0.0,840,0.0,0.0,0.0,0.0,99.9,99.8,99.8,99.9,99.9,99.9,99.9,99.9,99.9,99.9,99.9,99.9,99.9,0.0,0.0,0.0,0.0,0.0,0.0,0.0,0.0,0.0,0.0,0.0,0.0,0.0,0.0,0.0,0.0,0.0,0.0,0.0,0.0,0.0,1330.1,13.33,19,19,19,43,62,467,2,1,Yes,No,No,No,No,No,No,No,No,No,Yes,No,No,No,No,No,No,No,No,No,No,No,No,No,No,No,No,No,No,No,No,No,No,No,No,No,No,No,56.0,35,No,No,29,29,93.0,100.0,No,No,7568,3950,0.0,0.0,0.0,0.000,0.000,2,0,0.0,0.0,0.0,0.000,0.000,21729,26830,7.6,133.4,3.2,7.6,131.57,315.94,7.50,0.23,0.00,157.69,0.00,0,0,0.0,0.0,587,552,11.2,9.1,0,
12.8.2025,23:10:44.987,12237,13562,47.4,10895,13369,44.9,9.5,1.073,1.077,1.071,1.073,1.073,1.071,1.071,0.923,4090.0,4090.0,4090.0,4090.0,4090.0,4090.0,4090.0,99.8,3691.0,4086.2,4082.5,4083.8,4086.5,4086.8,4086.1,4087.0,4087.2,4087.3,4085.9,4086.9,4086.8,4087.2,4086.2,100.0,100.0,100.0,100.0,100.0,100.0,100.0,100.0,100.0,100.0,100.0,100.0,100.0,100.0,100.0,100.0,136.7,136.7,136.7,136.7,136.7,136.7,136.7,136.7,136.7,136.7,136.7,136.7,136.7,136.7,41.0,41.0,41.0,41.0,41.0,41.0,41.0,37.0,73,74,72,75,74,70,74,27,26,28,25,26,30,26,74,75,No,No,No,No,No,No,No,No,No,No,No,No,No,No,No,No,No,No,No,No,No,No,No,No,76,76,58,0.315,0.000,0.000,0.000,0.000,0.000,0.000,0.000,1.200,53.907,64.071,56.805,0.009,5.512,0.731,65.0,93.0,700.0,0.6,0.0,0.0,0.0,0.0,840,0.0,0.0,0.0,0.0,99.9,99.8,99.8,99.9,99.9,99.9,99.9,99.9,99.9,99.9,99.9,99.9,99.9,0.0,0.0,0.0,0.0,0.0,0.0,0.0,0.0,0.0,0.0,0.0,0.0,0.0,0.0,0.0,0.0,0.0,0.0,0.0,0.0,0.0,1330.1,13.33,19,19,19,43,62,467,2,1,Yes,No,No,No,No,No,No,No,No,No,Yes,No,No,No,No,No,No,No,No,No,No,No,No,No,No,No,No,No,No,No,No,No,No,No,No,No,No,No,56.0,35,No,No,30,30,93.0,100.0,No,No,7568,3950,0.0,0.0,0.0,0.000,0.000,2,0,0.0,0.3,0.3,0.000,0.155,21729,26830,7.5,61.6,3.3,7.6,133.85,300.14,16.22,0.24,0.00,145.20,0.00,0,0,0.0,0.0,587,552,13.9,12.1,0,
12.8.2025,23:10:46.984,12237,13563,47.4,10895,13369,44.9,9.5,1.074,1.078,1.077,1.077,1.071,1.071,1.071,0.923,4090.0,4090.0,4090.0,4090.0,4090.0,4090.0,4090.0,99.8,3691.0,4086.2,4082.8,4084.5,4086.8,4087.0,4086.0,4087.1,4087.2,4087.2,4085.5,4086.8,4086.7,4087.2,4086.2,100.0,100.0,100.0,100.0,100.0,100.0,100.0,100.0,100.0,100.0,100.0,100.0,100.0,100.0,100.0,100.0,136.7,136.7,136.7,136.7,136.7,136.7,136.7,136.7,136.7,136.7,136.7,136.7,136.7,136.7,41.0,41.0,41.0,41.0,41.0,41.0,41.0,37.0,74,76,72,75,74,70,74,26,24,28,25,26,30,26,76,76,No,No,No,No,No,No,No,No,No,No,No,No,No,No,No,No,No,No,No,No,No,No,No,No,76,76,59,0.315,0.000,0.000,0.000,0.000,0.000,0.000,0.000,1.200,53.009,63.891,56.638,0.009,5.498,0.730,65.0,93.0,700.0,0.5,0.0,0.0,0.0,0.0,839,0.0,0.0,0.0,0.0,99.9,99.8,99.8,99.9,99.9,99.9,99.9,99.9,99.9,99.9,99.9,99.9,99.9,0.0,0.0,0.0,0.0,0.0,0.0,0.0,0.0,0.0,0.0,0.0,0.0,0.0,0.0,0.0,0.0,0.0,0.0,0.0,0.0,0.0,1330.1,13.33,19,19,19,43,62,467,2,1,Yes,No,No,No,No,No,No,No,No,No,Yes,No,No,No,No,No,No,No,No,No,No,No,No,No,No,No,No,No,No,No,No,No,No,No,No,No,No,No,56.0,35,No,No,29,29,93.0,100.0,No,No,7568,3950,0.0,0.0,0.0,0.000,0.000,2,0,0.0,0.0,0.0,0.000,0.000,21729,26830,7.5,91.2,3.2,7.5,133.50,314.39,10.97,0.24,0.00,133.37,0.00,0,0,0.0,0.0,587,552,7.4,8.3,0,
12.8.2025,23:10:48.980,12237,13562,47.4,10895,13369,44.9,9.5,1.071,1.073,1.071,1.071,1.071,1.071,1.071,0.921,4090.0,4090.0,4090.0,4090.0,4090.0,4090.0,4090.0,99.8,3691.0,4085.6,4081.4,4082.5,4086.3,4086.6,4085.8,4086.7,4087.2,4087.1,4085.2,4086.5,4085.2,4087.0,4085.6,100.0,100.0,100.0,100.0,100.0,100.0,100.0,100.0,100.0,100.0,100.0,100.0,100.0,100.0,100.0,100.0,136.7,136.7,136.7,136.7,136.7,136.7,136.7,136.7,136.7,136.7,136.7,136.7,136.7,136.7,41.0,41.0,41.0,41.0,41.0,41.0,41.0,37.0,74,76,73,75,76,71,72,26,24,27,25,24,29,28,76,76,No,No,No,No,No,No,No,No,No,No,No,No,No,No,No,No,No,No,No,No,No,No,No,No,76,76,60,0.315,0.000,0.000,0.000,0.000,0.000,0.000,0.000,1.200,54.356,63.895,56.586,0.009,5.555,0.729,65.0,93.0,700.0,0.6,0.0,0.0,0.0,0.0,839,0.0,0.0,0.0,0.0,99.9,99.8,99.8,99.9,99.9,99.9,99.9,99.9,99.9,99.9,99.9,99.9,99.9,0.0,0.0,0.0,0.0,0.0,0.0,0.0,0.0,0.0,0.0,0.0,0.0,0.0,0.0,0.0,0.0,0.0,0.0,0.0,0.0,0.0,1330.1,13.33,19,19,19,43,62,467,2,1,Yes,No,No,No,No,No,No,No,No,No,Yes,No,No,No,No,No,No,No,No,No,No,No,No,No,No,No,No,No,No,No,No,No,No,No,No,No,No,No,56.0,35,No,No,31,31,93.0,100.0,No,No,7568,3950,0.0,0.0,0.0,0.000,0.000,2,0,0.0,0.2,0.2,0.000,0.059,21729,26830,7.3,123.5,3.2,7.4,137.84,314.70,8.10,0.24,0.00,155.42,0.00,0,0,0.0,0.0,587,552,24.0,19.8,0,
12.8.2025,23:10:50.979,12238,13562,47.4,10895,13369,44.9,9.5,1.073,1.075,1.072,1.072,1.072,1.072,1.072,0.921,4090.0,4090.0,4090.0,4090.0,4090.0,4090.0,4090.0,99.8,3691.0,4086.2,4082.7,4084.6,4086.8,4087.0,4086.0,4087.0,4087.3,4087.3,4085.4,4086.7,4086.7,4087.2,4086.2,100.0,100.0,100.0,100.0,100.0,100.0,100.0,100.0,100.0,100.0,100.0,100.0,100.0,100.0,100.0,100.0,136.7,136.7,136.7,136.7,136.7,136.7,136.7,136.7,136.7,136.7,136.7,136.7,136.7,136.7,41.0,41.0,41.0,41.0,41.0,41.0,41.0,37.0,74,74,73,75,76,70,74,26,26,27,25,24,30,26,75,76,No,No,No,No,No,No,No,No,No,No,No,No,No,No,No,No,No,No,No,No,No,No,No,No,76,76,59,0.315,0.000,0.000,0.000,0.000,0.000,0.000,0.000,1.200,52.110,64.065,56.674,0.009,5.631,0.735,65.0,93.0,700.0,0.7,0.0,0.0,0.0,0.0,839,0.0,0.0,0.0,0.0,99.9,99.8,99.8,99.9,99.9,99.9,99.9,99.9,99.9,99.9,99.9,99.9,99.9,0.0,0.0,0.0,0.0,0.0,0.0,0.0,0.0,0.0,0.0,0.0,0.0,0.0,0.0,0.0,0.0,0.0,0.0,0.0,0.0,0.0,1330.1,13.33,19,19,19,43,62,467,2,1,Yes,No,No,No,No,No,No,No,No,No,Yes,No,No,No,No,No,No,No,No,No,No,No,No,No,No,No,No,No,No,No,No,No,No,No,No,No,No,No,56.0,35,No,No,31,31,93.0,100.0,No,No,7568,3950,0.0,0.0,0.0,0.000,0.000,2,0,0.0,0.1,0.1,0.000,0.003,21729,26830,7.3,121.2,3.2,7.4,137.42,310.23,8.25,0.32,0.00,135.26,0.00,0,0,0.0,0.0,587,552,11.6,11.3,0,
12.8.2025,23:10:52.991,12237,13562,47.4,10895,13369,44.9,9.5,1.074,1.078,1.073,1.073,1.073,1.073,1.075,0.921,4090.0,4090.0,4090.0,4090.0,4090.0,4090.0,4090.0,99.8,3691.0,4086.5,4083.0,4085.9,4087.0,4087.2,4086.2,4087.1,4087.3,4087.3,4085.9,4086.9,4086.8,4087.2,4086.5,100.0,100.0,100.0,100.0,100.0,100.0,100.0,100.0,100.0,100.0,100.0,100.0,100.0,100.0,100.0,100.0,136.7,136.7,136.7,136.7,136.7,136.7,136.7,136.7,136.7,136.7,136.7,136.7,136.7,136.7,41.0,41.0,41.0,41.0,41.0,41.0,41.0,37.0,74,76,72,76,74,71,74,26,24,28,24,26,29,26,76,76,No,No,No,No,No,No,No,No,No,No,No,No,No,No,No,No,No,No,No,No,No,No,No,No,77,77,60,0.315,0.000,0.000,0.000,0.000,0.000,0.000,0.000,1.200,50.762,62.051,54.670,0.013,5.622,0.731,65.0,93.0,700.0,0.5,0.0,0.0,0.0,0.0,839,0.0,0.0,0.0,0.0,99.9,99.8,99.9,99.9,99.9,99.9,99.9,99.9,99.9,99.9,99.9,99.9,99.9,0.0,0.0,0.0,0.0,0.0,0.0,0.0,0.0,0.0,0.0,0.0,0.0,0.0,0.0,0.0,0.0,0.0,0.0,0.0,0.0,0.0,1330.1,13.33,19,19,19,43,62,467,2,1,Yes,No,No,No,No,No,No,No,No,No,Yes,No,No,No,No,No,No,No,No,No,No,No,No,No,No,No,No,No,No,No,No,No,No,No,No,No,No,No,56.0,35,No,No,29,29,93.0,100.0,No,No,7568,3950,0.0,0.0,0.0,0.000,0.000,2,0,0.0,0.0,0.0,0.000,0.000,21729,26830,7.2,83.3,3.2,7.1,139.15,316.92,12.01,0.23,0.00,146.09,0.00,0,0,0.0,0.0,587,552,6.5,6.4,0,
12.8.2025,23:10:54.986,12237,13563,47.4,10894,13370,44.8,9.5,1.074,1.075,1.073,1.073,1.073,1.073,1.073,0.921,4090.0,4090.0,4090.0,4090.0,4090.0,4090.0,4090.0,99.8,3691.0,4086.1,4082.7,4083.1,4086.7,4086.8,4086.2,4086.9,4087.3,4087.3,4085.5,4086.7,4086.9,4087.2,4086.1,100.0,100.0,100.0,100.0,100.0,100.0,100.0,100.0,100.0,100.0,100.0,100.0,100.0,100.0,100.0,100.0,136.7,136.7,136.7,136.7,136.7,136.7,136.7,136.7,136.7,136.7,136.7,136.7,136.7,136.7,41.0,41.0,41.0,41.0,41.0,41.0,41.0,37.0,74,76,73,75,76,71,75,26,24,27,25,24,29,25,76,76,No,No,No,No,No,No,No,No,No,No,No,No,No,No,No,No,No,No,No,No,No,No,No,No,76,76,61,0.315,0.000,0.000,0.000,0.000,0.000,0.000,0.000,1.200,50.762,61.620,54.238,0.010,5.626,0.729,65.0,93.0,700.0,0.6,0.0,0.0,0.0,0.0,839,0.0,0.0,0.0,0.0,99.9,99.8,99.8,99.9,99.9,99.9,99.9,99.9,99.9,99.9,99.9,99.9,99.9,0.0,0.0,0.0,0.0,0.0,0.0,0.0,0.0,0.0,0.0,0.0,0.0,0.0,0.0,0.0,0.0,0.0,0.0,0.0,0.0,0.0,1330.1,13.33,19,19,19,43,62,467,2,1,Yes,No,No,No,No,No,No,No,No,No,Yes,No,No,No,No,No,No,No,No,No,No,No,No,No,No,No,No,No,No,No,No,No,No,No,No,No,No,No,56.0,35,No,No,31,31,93.0,100.0,No,No,7568,3950,0.0,0.0,0.0,0.000,0.000,2,0,0.0,0.2,0.2,0.000,0.062,21729,26830,7.5,59.9,3.3,7.5,133.89,299.66,16.70,0.22,0.00,117.70,0.00,0,0,0.0,0.0,587,552,11.9,10.3,0,
12.8.2025,23:10:56.984,12238,13562,47.4,10894,13370,44.8,9.5,1.074,1.075,1.076,1.073,1.073,1.073,1.073,0.921,4090.0,4090.0,4090.0,4090.0,4090.0,4090.0,4090.0,99.8,3691.0,4085.4,4078.8,4084.5,4085.4,4086.9,4084.5,4086.5,4087.0,4087.2,4084.0,4085.9,4086.6,4087.2,4085.4,100.0,100.0,100.0,100.0,100.0,100.0,100.0,100.0,100.0,100.0,100.0,100.0,100.0,100.0,100.0,100.0,136.7,136.7,136.7,136.7,136.7,136.7,136.7,136.7,136.7,136.7,136.7,136.7,136.7,136.7,41.0,41.0,41.0,41.0,41.0,41.0,41.0,37.0,74,76,73,75,76,71,74,26,24,27,25,24,29,26,76,76,No,No,No,No,No,No,No,No,No,No,No,No,No,No,No,No,No,No,No,No,No,No,No,No,77,77,61,0.315,0.000,0.000,0.000,0.000,0.000,0.000,0.000,1.200,51.212,61.737,54.326,0.008,5.659,0.730,65.0,93.0,700.0,1.7,0.0,0.0,0.0,0.0,840,0.0,0.0,0.0,0.0,99.9,99.7,99.8,99.9,99.9,99.8,99.9,99.9,99.9,99.8,99.9,99.9,99.9,0.0,0.0,0.0,0.0,0.0,0.0,0.0,0.0,0.0,0.0,0.0,0.0,0.0,0.0,0.0,0.0,0.0,0.0,0.0,0.0,0.0,1330.1,13.33,19,19,19,43,62,467,2,1,Yes,No,No,No,No,No,No,No,No,No,Yes,No,No,No,No,No,No,No,No,No,No,No,No,No,No,No,No,No,No,No,No,No,No,No,No,No,No,No,56.0,35,No,No,29,29,93.0,100.0,No,No,7568,3950,0.0,0.0,0.0,0.000,0.000,2,0,0.0,0.0,0.0,0.000,0.000,21729,26830,12.2,65.2,3.2,12.4,81.68,316.84,15.33,0.42,0.00,49.32,0.00,0,0,0.0,0.0,587,552,11.9,10.6,0,
12.8.2025,23:10:58.993,12240,13559,47.4,10897,13367,44.9,9.5,1.074,1.075,1.073,1.073,1.073,1.073,1.073,0.921,4089.0,4089.0,4089.0,4089.0,4089.0,4089.0,4089.0,99.7,3690.0,4085.1,4078.9,4084.0,4085.3,4086.5,4084.9,4086.5,4086.7,4086.9,4083.5,4085.1,4086.3,4087.0,4085.1,100.0,100.0,100.0,100.0,100.0,100.0,100.0,100.0,100.0,100.0,100.0,100.0,100.0,100.0,100.0,100.0,136.7,136.7,136.7,136.7,136.7,136.7,136.7,136.7,136.7,136.7,136.7,136.7,136.7,136.7,41.0,41.0,41.0,41.0,41.0,41.0,41.0,37.0,74,76,73,75,78,71,74,26,24,27,25,22,29,26,77,78,No,No,No,No,No,No,No,No,No,No,No,No,No,No,No,No,No,No,No,No,No,No,No,No,77,77,61,0.315,0.000,0.000,0.000,0.000,0.000,0.000,0.000,1.200,52.110,61.966,54.472,0.026,5.717,0.737,65.0,93.0,700.0,2.5,0.0,0.0,0.0,0.0,843,0.0,0.0,0.0,0.0,99.9,99.7,99.8,99.9,99.9,99.8,99.9,99.9,99.9,99.8,99.9,99.9,99.9,0.0,0.0,0.0,0.0,0.0,0.0,0.0,0.0,0.0,0.0,0.0,0.0,0.0,0.0,0.0,0.0,0.0,0.0,0.0,0.0,0.0,1329.7,13.33,19,19,19,43,62,467,2,1,Yes,No,No,No,No,No,No,No,No,No,Yes,No,No,No,No,No,No,No,No,No,No,No,No,No,No,No,No,No,No,No,No,No,No,No,No,No,No,No,56.0,35,No,No,33,33,93.0,100.0,No,No,7568,3950,0.0,0.0,0.0,0.000,0.000,2,0,0.0,0.3,0.3,0.000,0.074,21729,26831,24.4,65.4,5.9,24.3,40.94,169.83,15.29,0.53,0.15,24.52,0.00,0,0,0.0,0.0,587,553,19.5,15.9,0,
12.8.2025,23:11:0.989,12247,13553,47.4,10904,13360,44.9,9.5,1.074,1.073,1.071,1.071,1.071,1.078,1.079,0.921,4090.0,4090.0,4090.0,4090.0,4090.0,4090.0,4090.0,99.8,3691.0,4085.9,4081.6,4084.9,4086.3,4086.8,4085.7,4086.8,4086.8,4087.2,4085.3,4085.8,4086.6,4087.2,4085.9,100.0,100.0,100.0,100.0,100.0,100.0,100.0,100.0,100.0,100.0,100.0,100.0,100.0,100.0,100.0,100.0,136.7,136.7,136.7,136.7,136.7,136.7,136.7,136.7,136.7,136.7,136.7,136.7,136.7,136.7,41.0,41.0,41.0,41.0,41.0,41.0,41.0,37.0,75,76,74,77,78,71,75,25,24,26,23,22,29,25,78,78,No,No,No,No,No,No,No,No,No,No,No,No,No,No,No,No,No,No,No,No,No,No,No,No,78,78,62,0.312,0.000,0.000,0.000,0.000,0.000,0.000,0.000,1.200,52.110,62.376,54.783,0.039,5.791,0.746,65.0,93.0,700.0,1.6,0.0,0.0,0.0,0.0,850,0.0,0.0,0.0,0.0,99.9,99.8,99.9,99.9,99.9,99.9,99.9,99.9,99.9,99.9,99.9,99.9,99.9,0.0,0.0,0.0,0.0,0.0,0.0,0.0,0.0,0.0,0.0,0.0,0.0,0.0,0.0,0.0,0.0,0.0,0.0,0.0,0.0,0.0,1330.1,13.33,19,19,19,43,62,467,2,1,Yes,No,No,No,No,No,No,No,No,No,Yes,No,No,No,No,No,No,No,No,No,No,No,No,No,No,No,No,No,No,No,No,No,No,No,No,No,No,No,56.0,35,No,No,29,29,93.0,100.0,No,No,7568,3950,0.0,0.0,0.0,0.000,0.000,2,0,0.0,0.0,0.0,0.000,0.000,21729,26831,19.7,66.9,3.2,19.9,50.74,316.90,14.96,0.92,0.39,74.23,0.00,0,0,0.0,0.0,587,553,10.5,10.7,0,
12.8.2025,23:11:2.982,12245,13554,47.4,10904,13360,44.9,9.5,1.074,1.075,1.074,1.074,1.074,1.073,1.073,0.921,4090.0,4090.0,4090.0,4090.0,4090.0,4090.0,4090.0,99.8,3691.0,4086.1,4081.6,4085.2,4086.6,4086.8,4085.7,4087.0,4087.2,4087.2,4085.4,4086.3,4086.6,4087.2,4086.1,100.0,100.0,100.0,100.0,100.0,100.0,100.0,100.0,100.0,100.0,100.0,100.0,100.0,100.0,100.0,100.0,136.7,136.7,136.7,136.7,136.7,136.7,136.7,136.7,136.7,136.7,136.7,136.7,136.7,136.7,41.0,41.0,41.0,41.0,41.0,41.0,41.0,37.0,76,77,75,77,78,71,75,24,23,25,23,22,29,25,78,78,No,No,No,No,No,No,No,No,No,No,No,No,No,No,No,No,No,No,No,No,No,No,No,No,81,81,61,0.312,0.000,0.000,0.000,0.000,0.000,0.000,0.000,1.200,52.559,62.027,54.493,0.045,5.729,0.740,65.0,93.0,700.0,1.8,0.0,0.0,0.0,0.0,846,0.0,0.0,0.0,0.0,99.9,99.8,99.9,99.9,99.9,99.9,99.9,99.9,99.9,99.9,99.9,99.9,99.9,0.0,0.0,0.0,0.0,0.0,0.0,0.0,0.0,0.0,0.0,0.0,0.0,0.0,0.0,0.0,0.0,0.0,0.0,0.0,0.0,0.0,1330.1,13.33,19,19,19,43,62,467,2,1,Yes,No,No,No,No,No,No,No,No,No,Yes,No,No,No,No,No,No,No,No,No,No,No,No,No,No,No,No,No,No,No,No,No,No,No,No,No,No,No,56.0,35,No,No,30,30,93.0,100.0,No,No,7568,3950,0.0,0.0,0.0,0.000,0.000,2,0,0.0,0.2,0.2,0.000,0.044,21729,26831,21.3,76.4,3.9,21.6,46.86,259.03,13.09,0.47,0.00,36.80,0.00,0,0,0.0,0.0,587,553,13.6,11.9,0,
12.8.2025,23:11:4.981,12245,13555,47.4,10903,13360,44.9,9.5,1.072,1.074,1.072,1.072,1.072,1.072,1.072,0.918,4090.0,4090.0,4090.0,4090.0,4090.0,4090.0,4090.0,99.8,3691.0,4086.2,4081.7,4085.7,4086.6,4087.0,4086.1,4087.0,4087.2,4087.3,4084.9,4086.7,4086.7,4087.1,4086.2,100.0,100.0,100.0,100.0,100.0,100.0,100.0,100.0,100.0,100.0,100.0,100.0,100.0,100.0,100.0,100.0,136.7,136.7,136.7,136.7,136.7,136.7,136.7,136.7,136.7,136.7,136.7,136.7,136.7,136.7,41.0,41.0,41.0,41.0,41.0,41.0,41.0,37.0,76,78,75,77,78,74,76,24,22,25,23,22,26,24,78,78,No,No,No,No,No,No,No,No,No,No,No,No,No,No,No,No,No,No,No,No,No,No,No,No,78,78,62,0.312,0.000,0.000,0.000,0.000,0.000,0.000,0.000,1.200,53.458,62.203,54.680,0.020,5.751,0.736,65.0,93.0,700.0,0.5,0.0,0.0,0.0,0.0,846,0.0,0.0,0.0,0.0,99.9,99.8,99.9,99.9,99.9,99.9,99.9,99.9,99.9,99.8,99.9,99.9,99.9,0.0,0.0,0.0,0.0,0.0,0.0,0.0,0.0,0.0,0.0,0.0,0.0,0.0,0.0,0.0,0.0,0.0,0.0,0.0,0.0,0.0,1330.1,13.33,19,19,19,43,62,467,2,1,Yes,No,No,No,No,No,No,No,No,No,Yes,No,No,No,No,No,No,No,No,No,No,No,No,No,No,No,No,No,No,No,No,No,No,No,No,No,No,No,56.0,35,No,No,30,30,93.0,100.0,No,No,7568,3950,0.0,0.0,0.0,0.000,0.000,2,0,0.0,0.1,0.1,0.000,0.026,21729,26831,15.6,144.6,3.2,14.9,63.97,316.86,6.91,0.24,0.00,135.92,0.00,0,0,0.0,0.0,587,553,51.3,49.7,0,
12.8.2025,23:11:6.997,12245,13555,47.4,10903,13361,44.9,9.5,1.071,1.075,1.071,1.071,1.071,1.071,1.071,0.918,4090.0,4090.0,4090.0,4090.0,4090.0,4090.0,4090.0,99.8,3691.0,4086.2,4081.8,4085.6,4086.9,4087.2,4086.1,4087.1,4087.2,4087.3,4084.5,4086.6,4086.7,4087.1,4086.2,100.0,100.0,100.0,100.0,100.0,100.0,100.0,100.0,100.0,100.0,100.0,100.0,100.0,100.0,100.0,100.0,136.7,136.7,136.7,136.7,136.7,136.7,136.7,136.7,136.7,136.7,136.7,136.7,136.7,136.7,41.0,41.0,41.0,41.0,41.0,41.0,41.0,37.0,76,77,74,77,79,74,74,24,23,26,23,21,26,26,78,79,No,No,No,No,No,No,No,No,No,No,No,No,No,No,No,No,No,No,No,No,No,No,No,No,79,79,62,0.312,0.000,0.000,0.000,0.000,0.000,0.000,0.000,1.200,52.110,62.117,54.640,0.011,5.714,0.732,65.0,93.0,700.0,0.5,0.0,0.0,0.0,0.0,846,0.0,0.0,0.0,0.0,99.9,99.8,99.9,99.9,99.9,99.9,99.9,99.9,99.9,99.8,99.9,99.9,99.9,0.0,0.0,0.0,0.0,0.0,0.0,0.0,0.0,0.0,0.0,0.0,0.0,0.0,0.0,0.0,0.0,0.0,0.0,0.0,0.0,0.0,1330.1,13.33,19,19,19,43,62,467,2,1,Yes,No,No,No,No,No,No,No,No,No,Yes,No,No,No,No,No,No,No,No,No,No,No,No,No,No,No,No,No,No,No,No,No,No,No,No,No,No,No,56.0,35,No,No,30,30,93.0,100.0,No,No,7568,3950,0.0,0.0,0.0,0.000,0.000,2,0,0.0,0.3,0.3,0.000,0.030,21729,26831,12.2,63.2,3.2,12.2,81.73,316.89,15.82,0.27,0.00,146.67,0.00,0,0,0.0,0.0,587,553,27.2,24.1,0,
12.8.2025,23:11:8.987,12240,13559,47.4,10899,13365,44.9,9.5,1.072,1.074,1.072,1.072,1.072,1.072,1.072,0.918,4090.0,4090.0,4090.0,4090.0,4090.0,4090.0,4090.0,99.8,3691.0,4086.3,4082.7,4085.9,4086.8,4087.1,4086.0,4086.9,4087.1,4087.1,4085.2,4086.8,4086.8,4087.1,4086.3,100.0,100.0,100.0,100.0,100.0,100.0,100.0,100.0,100.0,100.0,100.0,100.0,100.0,100.0,100.0,100.0,136.7,136.7,136.7,136.7,136.7,136.7,136.7,136.7,136.7,136.7,136.7,136.7,136.7,136.7,41.0,41.0,41.0,41.0,41.0,41.0,41.0,37.0,76,78,76,76,78,74,75,24,22,24,24,22,26,25,78,78,No,No,No,No,No,No,No,No,No,No,No,No,No,No,No,No,No,No,No,No,No,No,No,No,79,79,63,0.312,0.000,0.000,0.000,0.000,0.000,0.000,0.000,1.200,52.559,62.121,54.657,0.011,5.703,0.731,65.0,93.0,700.0,0.6,0.0,0.0,0.0,0.0,846,0.0,0.0,0.0,0.0,99.9,99.8,99.9,99.9,99.9,99.9,99.9,99.9,99.9,99.9,99.9,99.9,99.9,0.0,0.0,0.0,0.0,0.0,0.0,0.0,0.0,0.0,0.0,0.0,0.0,0.0,0.0,0.0,0.0,0.0,0.0,0.0,0.0,0.0,1330.1,13.33,19,19,19,43,62,467,2,1,Yes,No,No,No,No,No,No,No,No,No,Yes,No,No,No,No,No,No,No,No,No,No,No,No,No,No,No,No,No,No,No,No,No,No,No,No,No,No,No,56.0,35,No,No,30,30,93.0,100.0,No,No,7568,3950,0.0,0.0,0.0,0.000,0.000,2,0,0.0,0.1,0.1,0.000,0.002,21729,26831,10.3,60.8,3.2,10.4,97.36,316.75,16.43,0.25,0.00,162.79,0.00,0,0,0.0,0.0,587,553,22.4,22.6,0,
12.8.2025,23:11:10.993,12239,13561,47.4,10897,13366,44.9,9.5,0.748,0.726,0.745,0.755,0.754,0.754,0.755,0.921,1662.6,1795.6,1995.1,2094.9,997.6,997.6,2094.9,99.8,1396.6,2345.0,2438.0,2364.4,2356.1,2333.8,2343.6,2328.0,2333.3,2329.7,2328.1,2326.1,2330.8,2328.6,2345.0,55.0,62.5,59.6,58.7,57.3,57.9,56.7,57.1,29.0,57.2,56.6,57.2,49.6,62.5,55.0,100.0,78.5,81.9,79.3,78.9,78.1,78.5,77.9,78.1,78.0,78.0,77.9,78.0,78.0,78.5,16.7,18.0,20.0,21.0,10.0,10.0,21.0,14.0,58,59,58,59,57,58,57,42,41,42,41,43,42,43,59,59,No,No,No,No,No,No,No,No,No,No,No,No,No,No,No,No,No,No,No,No,No,No,No,No,70,70,60,0.302,0.000,0.000,0.000,0.000,0.000,0.000,0.000,1.200,15.723,62.398,54.935,0.012,5.702,0.733,65.0,93.0,700.0,1.1,0.0,0.0,0.0,0.0,846,25.2,0.0,0.0,0.0,57.9,62.7,59.5,58.7,57.3,57.8,56.9,57.4,57.0,57.1,56.9,57.1,56.9,3.4,7.3,3.7,2.3,2.4,2.5,2.4,0.4,2.5,0.0,0.0,0.0,0.0,0.0,36.8,24.8,36.8,39.3,39.7,40.1,40.3,1330.1,13.33,19,19,19,43,62,467,2,1,Yes,No,No,No,No,No,No,No,No,No,Yes,No,No,No,No,No,No,No,No,No,No,No,No,No,No,No,No,Yes,No,No,No,No,No,No,No,Yes,No,No,56.0,35,No,No,30,30,93.0,100.0,No,No,7568,3950,0.0,0.0,0.0,0.000,0.000,2,0,0.0,0.3,0.3,0.000,0.009,21729,26831,100.8,5064.3,3.4,3.2,9.93,297.33,0.20,0.90,0.00,69.99,0.11,0,0,0.0,0.0,587,553,11.6,11.7,0,
12.8.2025,23:11:12.995,12239,13561,47.4,10896,13368,44.9,9.5,0.668,0.674,0.667,0.662,0.667,0.667,0.667,0.923,997.6,997.6,997.6,997.6,997.6,997.6,997.6,99.8,798.0,33.7,173.4,132.1,32.5,8.7,15.9,3.6,21.1,0.9,9.4,1.7,3.8,0.8,33.7,2.5,10.6,7.9,2.5,0.0,1.4,0.0,2.1,0.0,0.7,0.0,0.3,4.6,10.6,2.5,100.0,1.2,6.4,4.7,1.3,0.4,0.6,0.2,0.8,0.1,0.4,0.1,0.2,0.0,1.2,10.0,10.0,10.0,10.0,10.0,10.0,10.0,8.0,56,57,57,57,57,54,56,44,43,43,43,43,46,44,58,57,No,No,No,No,No,No,No,No,No,No,No,No,No,No,No,No,No,No,No,No,No,No,No,No,67,67,58,0.302,0.000,0.000,0.000,0.000,0.000,0.000,0.000,1.200,15.723,40.136,32.644,0.024,5.713,0.737,65.0,93.0,700.0,0.8,0.0,0.0,0.0,0.0,846,66.4,0.0,0.0,0.0,2.2,10.9,7.9,2.5,0.7,1.4,0.3,1.3,0.1,0.7,0.1,0.3,0.1,3.2,11.9,3.9,0.8,0.7,0.9,0.8,0.0,0.0,0.0,0.0,0.0,0.0,0.0,92.1,70.4,91.9,96.6,97.2,97.8,98.6,1330.1,13.33,19,19,19,43,62,467,2,1,Yes,No,No,No,No,No,No,No,No,No,Yes,No,No,No,No,No,No,No,No,No,No,No,No,No,No,No,No,Yes,No,No,No,No,No,No,No,Yes,No,No,55.0,35,No,No,30,30,93.0,100.0,No,No,7568,3950,0.0,0.0,0.0,0.000,0.000,2,0,0.0,0.1,0.1,0.000,0.147,21729,26831,100.8,0.0,0.0,3.2,9.93,0.00,0.00,0.00,0.00,0.00,0.00,0,0,0.0,0.0,587,553,7.4,5.9,0,
12.8.2025,23:11:14.984,12238,13562,47.4,10894,13369,44.8,9.5,0.666,0.661,0.668,0.667,0.667,0.668,0.667,0.923,997.6,997.6,997.6,997.6,997.6,997.6,997.6,99.8,798.0,28.0,122.6,145.2,21.7,4.2,23.7,0.9,8.5,0.5,6.3,0.3,2.1,0.2,28.0,3.6,8.5,8.2,2.2,4.3,2.1,0.0,0.2,17.5,0.0,0.0,0.0,0.0,17.5,3.6,100.0,1.0,4.5,5.1,0.9,0.2,0.9,0.0,0.3,0.0,0.3,0.0,0.1,0.0,1.0,10.0,10.0,10.0,10.0,10.0,10.0,10.0,8.0,55,54,56,57,57,55,52,45,46,44,43,43,45,48,58,57,No,No,No,No,No,No,No,No,No,No,No,No,No,No,No,No,No,No,No,No,No,No,No,No,66,66,56,0.315,0.000,0.000,0.000,0.000,0.000,0.000,0.000,1.200,15.723,8.467,1.106,0.011,5.592,0.743,65.0,93.0,700.0,0.6,0.0,0.0,0.0,0.0,846,77.2,0.0,0.0,0.0,1.9,8.5,8.0,2.0,0.4,2.0,0.1,0.8,0.1,0.5,0.0,0.2,0.0,0.9,5.6,0.0,0.0,0.0,0.0,0.0,0.0,0.0,0.0,0.0,0.0,0.0,0.0,95.0,79.1,96.6,97.0,98.6,99.1,99.6,1330.1,13.33,19,19,19,43,62,467,2,1,Yes,No,No,No,No,No,No,No,No,No,Yes,No,No,No,No,No,No,No,No,No,No,No,No,No,No,No,No,Yes,No,No,No,No,No,No,No,Yes,No,No,56.0,35,No,No,30,30,93.0,100.0,No,No,7568,3950,0.0,0.0,0.0,0.000,0.000,2,0,0.0,0.1,0.1,0.000,0.030,21729,26831,8.2,434.4,3.2,8.4,121.50,314.13,2.30,0.34,0.00,148.71,0.00,0,0,0.0,0.0,587,553,0.3,0.1,0,
12.8.2025,23:11:16.980,12244,13556,47.4,10894,13370,44.8,9.5,0.693,0.688,0.687,0.692,0.692,0.691,0.706,0.923,1197.1,1197.1,1296.8,798.0,1396.6,997.6,1496.3,99.8,798.0,88.8,298.4,283.8,161.0,105.5,96.6,54.3,20.3,1.4,25.0,1.6,16.2,1.6,88.8,11.5,14.3,12.8,5.9,1.3,3.7,13.0,1.9,4.5,1.7,43.1,0.0,35.4,43.1,11.5,100.0,3.2,10.8,10.0,5.8,3.8,3.5,2.0,0.8,0.1,0.9,0.1,0.6,0.1,3.2,12.0,12.0,13.0,8.0,14.0,10.0,15.0,8.0,55,54,55,57,56,54,53,45,46,45,43,44,46,47,57,57,No,No,No,No,No,No,No,No,No,No,No,No,No,No,No,No,No,No,No,No,No,No,No,No,63,63,57,0.302,0.000,0.000,0.000,0.000,0.000,0.000,0.000,1.200,16.172,8.199,0.954,0.009,5.482,0.740,65.0,93.0,700.0,3.3,0.0,0.0,0.0,0.0,843,49.3,0.0,0.0,0.0,3.9,14.7,12.8,6.8,3.7,3.7,1.5,1.2,0.1,1.0,0.1,0.8,0.1,5.8,23.4,7.3,4.2,0.0,0.0,0.0,0.0,0.0,0.0,0.0,0.0,0.0,0.0,86.5,51.8,82.0,89.9,98.1,98.3,98.8,1330.1,13.33,19,19,19,43,62,467,2,1,Yes,No,No,No,No,No,No,No,No,No,Yes,No,No,No,No,No,No,No,No,No,No,No,No,No,No,No,No,Yes,No,No,No,No,No,No,No,Yes,No,No,56.0,35,No,No,30,30,93.0,100.0,No,No,7568,3950,0.0,0.0,0.0,0.000,0.000,2,0,0.1,0.0,0.1,0.082,0.200,21729,26831,2768.6,3142.5,147.1,40.2,0.36,6.80,0.32,0.72,0.00,3.44,0.11,0,0,0.0,0.0,587,553,26.6,23.2,0,
Date,Time,"Virtual Memory Committed [MB]","Virtual Memory Available [MB]","Virtual Memory Load [%]","Physical Memory Used [MB]","Physical Memory Available [MB]","Physical Memory Load [%]","Page File Usage [%]","Core VIDs (avg) [V]","Core 0 VID [V]","Core 1 VID [V]","Core 2 VID [V]","Core 3 VID [V]","Core 4 VID [V]","Core 5 VID [V]","SA VID [V]","Core Clocks (avg) [MHz]","Core 0 Clock [MHz]","Core 1 Clock [MHz]","Core 2 Clock [MHz]","Core 3 Clock [MHz]","Core 4 Clock [MHz]","Core 5 Clock [MHz]","Bus Clock [MHz]","Ring/LLC Clock [MHz]","Core Effective Clocks (avg) [MHz]","Core 0 T0 Effective Clock [MHz]","Core 0 T1 Effective Clock [MHz]","Core 1 T0 Effective Clock [MHz]","Core 1 T1 Effective Clock [MHz]","Core 2 T0 Effective Clock [MHz]","Core 2 T1 Effective Clock [MHz]","Core 3 T0 Effective Clock [MHz]","Core 3 T1 Effective Clock [MHz]","Core 4 T0 Effective Clock [MHz]","Core 4 T1 Effective Clock [MHz]","Core 5 T0 Effective Clock [MHz]","Core 5 T1 Effective Clock [MHz]","Average Effective Clock [MHz]","Core Usage (avg) [%]","Core 0 T0 Usage [%]","Core 0 T1 Usage [%]","Core 1 T0 Usage [%]","Core 1 T1 Usage [%]","Core 2 T0 Usage [%]","Core 2 T1 Usage [%]","Core 3 T0 Usage [%]","Core 3 T1 Usage [%]","Core 4 T0 Usage [%]","Core 4 T1 Usage [%]","Core 5 T0 Usage [%]","Core 5 T1 Usage [%]","Max CPU/Thread Usage [%]","Total CPU Usage [%]","On-Demand Clock Modulation [%]","Core Utility (avg) [%]","Core 0 T0 Utility [%]","Core 0 T1 Utility [%]","Core 1 T0 Utility [%]","Core 1 T1 Utility [%]","Core 2 T0 Utility [%]","Core 2 T1 Utility [%]","Core 3 T0 Utility [%]","Core 3 T1 Utility [%]","Core 4 T0 Utility [%]","Core 4 T1 Utility [%]","Core 5 T0 Utility [%]","Core 5 T1 Utility [%]","Total CPU Utility [%]","Core Ratios (avg) [x]","Core 0 Ratio [x]","Core 1 Ratio [x]","Core 2 Ratio [x]","Core 3 Ratio [x]","Core 4 Ratio [x]","Core 5 Ratio [x]","Uncore Ratio [x]","Core Temperatures (avg) [°C]","Core 0 [°C]","Core 1 [°C]","Core 2 [°C]","Core 3 [°C]","Core 4 [°C]","Core 5 [°C]","Core Distance to TjMAX (avg) [°C]","Core 0 Distance to TjMAX [°C]","Core 1 Distance to TjMAX [°C]","Core 2 Distance to TjMAX [°C]","Core 3 Distance to TjMAX [°C]","Core 4 Distance to TjMAX [°C]","Core 5 Distance to TjMAX [°C]","CPU Package [°C]","Core Max [°C]","Core Thermal Throttling (avg) [Yes/No]","Core 0 Thermal Throttling [Yes/No]","Core 1 Thermal Throttling [Yes/No]","Core 2 Thermal Throttling [Yes/No]","Core 3 Thermal Throttling [Yes/No]","Core 4 Thermal Throttling [Yes/No]","Core 5 Thermal Throttling [Yes/No]","Core Critical Temperature (avg) [Yes/No]","Core 0 Critical Temperature [Yes/No]","Core 1 Critical Temperature [Yes/No]","Core 2 Critical Temperature [Yes/No]","Core 3 Critical Temperature [Yes/No]","Core 4 Critical Temperature [Yes/No]","Core 5 Critical Temperature [Yes/No]","Core Power Limit Exceeded (avg) [Yes/No]","Core 0 Power Limit Exceeded [Yes/No]","Core 1 Power Limit Exceeded [Yes/No]","Core 2 Power Limit Exceeded [Yes/No]","Core 3 Power Limit Exceeded [Yes/No]","Core 4 Power Limit Exceeded [Yes/No]","Core 5 Power Limit Exceeded [Yes/No]","Package/Ring Thermal Throttling [Yes/No]","Package/Ring Critical Temperature [Yes/No]","Package/Ring Power Limit Exceeded [Yes/No]","CPU Package [°C]","CPU IA Cores [°C]","CPU GT Cores (Graphics) [°C]","iGPU VID [V]","Voltage Offsets (avg) [V]","IA Voltage Offset [V]","GT Voltage Offset [V]","CLR (CBo/LLC/Ring) Voltage Offset [V]","GT Media Voltage Offset [V]","SA Voltage Offset [V]","L2 E-core Voltage Offset [V]","VDDQ TX Voltage [V]","VR VCC Current (SVID IOUT) [A]","CPU Package Power [W]","IA Cores Power [W]","GT Cores Power [W]","System Agent Power [W]","Rest-of-Chip Power [W]","PL1 Power Limit (Static) [W]","PL2 Power Limit (Static) [W]","GPU Clock [MHz]","GPU D3D Usage [%]","GPU D3D Utilizations (avg) [%]","GPU Video Decode 0 Usage [%]","GPU Video Decode 1 Usage [%]","GPU Video Processing 0 Usage [%]","GPU D3D Memory Dynamic [MB]","Package C2 Residency [%]","Package C3 Residency [%]","Package C6 Residency [%]","Package C8 Residency [%]","Core C0 Residency (avg) [%]","Core 0 T0 C0 Residency [%]","Core 0 T1 C0 Residency [%]","Core 1 T0 C0 Residency [%]","Core 1 T1 C0 Residency [%]","Core 2 T0 C0 Residency [%]","Core 2 T1 C0 Residency [%]","Core 3 T0 C0 Residency [%]","Core 3 T1 C0 Residency [%]","Core 4 T0 C0 Residency [%]","Core 4 T1 C0 Residency [%]","Core 5 T0 C0 Residency [%]","Core 5 T1 C0 Residency [%]","Core C1 Residency (avg) [%]","Core 0 C1 Residency [%]","Core 1 C1 Residency [%]","Core 2 C1 Residency [%]","Core 3 C1 Residency [%]","Core 4 C1 Residency [%]","Core 5 C1 Residency [%]","Core C6 Residency (avg) [%]","Core 0 C6 Residency [%]","Core 1 C6 Residency [%]","Core 2 C6 Residency [%]","Core 3 C6 Residency [%]","Core 4 C6 Residency [%]","Core 5 C6 Residency [%]","Core C7 Residency (avg) [%]","Core 0 C7 Residency [%]","Core 1 C7 Residency [%]","Core 2 C7 Residency [%]","Core 3 C7 Residency [%]","Core 4 C7 Residency [%]","Core 5 C7 Residency [%]","Memory Clock [MHz]","Memory Clock Ratio [x]","Tcas [T]","Trcd [T]","Trp [T]","Tras [T]","Trc [T]","Trfc [T]","Command Rate [T]","Gear Mode []","IA Limit Reasons (avg) [Yes/No]","IA: PROCHOT [Yes/No]","IA: Thermal Event [Yes/No]","IA: Residency State Regulation [Yes/No]","IA: Running Average Thermal Limit [Yes/No]","IA: VR Thermal Alert [Yes/No]","IA: VR TDC [Yes/No]","IA: Electrical Design Point/Other (ICCmax,PL4,SVID,DDR RAPL) [Yes/No]","IA: Package-Level RAPL/PBM PL1 [Yes/No]","IA: Package-Level RAPL/PBM PL2,PL3 [Yes/No]","IA: Max Turbo Limit [Yes/No]","IA: Turbo Attenuation (MCT) [Yes/No]","IA: Thermal Velocity Boost [Yes/No]","GT Limit Reasons (avg) [Yes/No]","GT: PROCHOT [Yes/No]","GT: Thermal Event [Yes/No]","GT: DDR RAPL [Yes/No]","GT: Residency State Regulation [Yes/No]","GT: Running Average Thermal Limit [Yes/No]","GT: VR Thermal Alert [Yes/No]","GT: VR TDC [Yes/No]","GT: Max VR Voltage, ICCmax, PL4 [Yes/No]","GT: Domain-Level PBM PLGT [Yes/No]","GT: Package-Level RAPL/PBM PL1 [Yes/No]","GT: Package-Level RAPL/PBM PL2,PL3 [Yes/No]","GT: Inefficient Operation [Yes/No]","GT: Fuses limit [Yes/No]","Ring Limit Reasons (avg) [Yes/No]","RING: PROCHOT [Yes/No]","RING: Thermal Event [Yes/No]","RING: DDR RAPL [Yes/No]","RING: Residency State Regulation [Yes/No]","RING: Running Average Thermal Limit [Yes/No]","RING: VR Thermal Alert [Yes/No]","RING: VR TDC [Yes/No]","RING: Max VR Voltage, ICCmax, PL4 [Yes/No]","RING: Package-Level RAPL/PBM PL1 [Yes/No]","RING: Package-Level RAPL/PBM PL2,PL3 [Yes/No]","PCH Temperature [°C]","Drive Temperature [°C]","Drive Failure [Yes/No]","Drive Warning [Yes/No]","Drive Temperature [°C]","Drive Temperature 2 [°C]","Drive Remaining Life [%]","Drive Available Spare [%]","Drive Failure [Yes/No]","Drive Warning [Yes/No]","Total Host Writes [GB]","Total Host Reads [GB]","Read Activity [%]","Write Activity [%]","Total Activity [%]","Read Rate [MB/s]","Write Rate [MB/s]","Read Total [MB]","Write Total [MB]","Read Activity [%]","Write Activity [%]","Total Activity [%]","Read Rate [MB/s]","Write Rate [MB/s]","Read Total [MB]","Write Total [MB]","Framerate Presented (avg) [FPS]","Framerate Presented (99%) [FPS]","Framerate Presented (1%) [FPS]","Framerate Displayed (avg) [FPS]","Frame Time Presented (avg) [ms]","Frame Time Presented (99%) [ms]","Frame Time Presented (1%) [ms]","GPU Busy (avg) [ms]","GPU Wait (avg) [ms]","CPU Busy (avg) [ms]","CPU Wait (avg) [ms]","Total DL [MB]","Total UP [MB]","Current DL rate [KB/s]","Current UP rate [KB/s]","Total DL [MB]","Total UP [MB]","Current DL rate [KB/s]","Current UP rate [KB/s]","Total Errors []",
,,System: DELL OptiPlex 3000,System: DELL OptiPlex 3000,System: DELL OptiPlex 3000,System: DELL OptiPlex 3000,System: DELL OptiPlex 3000,System: DELL OptiPlex 3000,System: DELL OptiPlex 3000,CPU [#0]: Intel Core i5-12500,CPU [#0]: Intel Core i5-12500,CPU [#0]: Intel Core i5-12500,CPU [#0]: Intel Core i5-12500,CPU [#0]: Intel Core i5-12500,CPU [#0]: Intel Core i5-12500,CPU [#0]: Intel Core i5-12500,CPU [#0]: Intel Core i5-12500,CPU [#0]: Intel Core i5-12500,CPU [#0]: Intel Core i5-12500,CPU [#0]: Intel Core i5-12500,CPU [#0]: Intel Core i5-12500,CPU [#0]: Intel Core i5-12500,CPU [#0]: Intel Core i5-12500,CPU [#0]: Intel Core i5-12500,CPU [#0]: Intel Core i5-12500,CPU [#0]: Intel Core i5-12500,CPU [#0]: Intel Core i5-12500,CPU [#0]: Intel Core i5-12500,CPU [#0]: Intel Core i5-12500,CPU [#0]: Intel Core i5-12500,CPU [#0]: Intel Core i5-12500,CPU [#0]: Intel Core i5-12500,CPU [#0]: Intel Core i5-12500,CPU [#0]: Intel Core i5-12500,CPU [#0]: Intel Core i5-12500,CPU [#0]: Intel Core i5-12500,CPU [#0]: Intel Core i5-12500,CPU [#0]: Intel Core i5-12500,CPU [#0]: Intel Core i5-12500,CPU [#0]: Intel Core i5-12500,CPU [#0]: Intel Core i5-12500,CPU [#0]: Intel Core i5-12500,CPU [#0]: Intel Core i5-12500,CPU [#0]: Intel Core i5-12500,CPU [#0]: Intel Core i5-12500,CPU [#0]: Intel Core i5-12500,CPU [#0]: Intel Core i5-12500,CPU [#0]: Intel Core i5-12500,CPU [#0]: Intel Core i5-12500,CPU [#0]: Intel Core i5-12500,CPU [#0]: Intel Core i5-12500,CPU [#0]: Intel Core i5-12500,CPU [#0]: Intel Core i5-12500,CPU [#0]: Intel Core i5-12500,CPU [#0]: Intel Core i5-12500,CPU [#0]: Intel Core i5-12500,CPU [#0]: Intel Core i5-12500,CPU [#0]: Intel Core i5-12500,CPU [#0]: Intel Core i5-12500,CPU [#0]: Intel Core i5-12500,CPU [#0]: Intel Core i5-12500,CPU [#0]: Intel Core i5-12500,CPU [#0]: Intel Core i5-12500,CPU [#0]: Intel Core i5-12500,CPU [#0]: Intel Core i5-12500,CPU [#0]: Intel Core i5-12500,CPU [#0]: Intel Core i5-12500,CPU [#0]: Intel Core i5-12500,CPU [#0]: Intel Core i5-12500,CPU [#0]: Intel Core i5-12500,CPU [#0]: Intel Core i5-12500,CPU [#0]: Intel Core i5-12500,CPU [#0]: Intel Core i5-12500,CPU [#0]: Intel Core i5-12500,CPU [#0]: Intel Core i5-12500,CPU [#0]: Intel Core i5-12500,CPU [#0]: Intel Core i5-12500,CPU [#0]: Intel Core i5-12500,CPU [#0]: Intel Core i5-12500: DTS,CPU [#0]: Intel Core i5-12500: DTS,CPU [#0]: Intel Core i5-12500: DTS,CPU [#0]: Intel Core i5-12500: DTS,CPU [#0]: Intel Core i5-12500: DTS,CPU [#0]: Intel Core i5-12500: DTS,CPU [#0]: Intel Core i5-12500: DTS,CPU [#0]: Intel Core i5-12500: DTS,CPU [#0]: Intel Core i5-12500: DTS,CPU [#0]: Intel Core i5-12500: DTS,CPU [#0]: Intel Core i5-12500: DTS,CPU [#0]: Intel Core i5-12500: DTS,CPU [#0]: Intel Core i5-12500: DTS,CPU [#0]: Intel Core i5-12500: DTS,CPU [#0]: Intel Core i5-12500: DTS,CPU [#0]: Intel Core i5-12500: DTS,CPU [#0]: Intel Core i5-12500: DTS,CPU [#0]: Intel Core i5-12500: DTS,CPU [#0]: Intel Core i5-12500: DTS,CPU [#0]: Intel Core i5-12500: DTS,CPU [#0]: Intel Core i5-12500: DTS,CPU [#0]: Intel Core i5-12500: DTS,CPU [#0]: Intel Core i5-12500: DTS,CPU [#0]: Intel Core i5-12500: DTS,CPU [#0]: Intel Core i5-12500: DTS,CPU [#0]: Intel Core i5-12500: DTS,CPU [#0]: Intel Core i5-12500: DTS,CPU [#0]: Intel Core i5-12500: DTS,CPU [#0]: Intel Core i5-12500: DTS,CPU [#0]: Intel Core i5-12500: DTS,CPU [#0]: Intel Core i5-12500: DTS,CPU [#0]: Intel Core i5-12500: DTS,CPU [#0]: Intel Core i5-12500: DTS,CPU [#0]: Intel Core i5-12500: DTS,CPU [#0]: Intel Core i5-12500: DTS,CPU [#0]: Intel Core i5-12500: DTS,CPU [#0]: Intel Core i5-12500: DTS,CPU [#0]: Intel Core i5-12500: DTS,CPU [#0]: Intel Core i5-12500: DTS,CPU [#0]: Intel Core i5-12500: DTS,CPU [#0]: Intel Core i5-12500: Enhanced,CPU [#0]: Intel Core i5-12500: Enhanced,CPU [#0]: Intel Core i5-12500: Enhanced,CPU [#0]: Intel Core i5-12500: Enhanced,CPU [#0]: Intel Core i5-12500: Enhanced,CPU [#0]: Intel Core i5-12500: Enhanced,CPU [#0]: Intel Core i5-12500: Enhanced,CPU [#0]: Intel Core i5-12500: Enhanced,CPU [#0]: Intel Core i5-12500: Enhanced,CPU [#0]: Intel Core i5-12500: Enhanced,CPU [#0]: Intel Core i5-12500: Enhanced,CPU [#0]: Intel Core i5-12500: Enhanced,CPU [#0]: Intel Core i5-12500: Enhanced,CPU [#0]: Intel Core i5-12500: Enhanced,CPU [#0]: Intel Core i5-12500: Enhanced,CPU [#0]: Intel Core i5-12500: Enhanced,CPU [#0]: Intel Core i5-12500: Enhanced,CPU [#0]: Intel Core i5-12500: Enhanced,CPU [#0]: Intel Core i5-12500: Enhanced,CPU [#0]: Intel Core i5-12500: Enhanced,CPU [#0]: Intel Core i5-12500: Enhanced,CPU [#0]: Intel Core i5-12500: Enhanced,CPU [#0]: Intel Core i5-12500: Enhanced,CPU [#0]: Intel Core i5-12500: Enhanced,CPU [#0]: Intel Core i5-12500: Enhanced,CPU [#0]: Intel Core i5-12500: Enhanced,CPU [#0]: Intel Core i5-12500: Enhanced,CPU [#0]: Intel Core i5-12500: C-State Residency,CPU [#0]: Intel Core i5-12500: C-State Residency,CPU [#0]: Intel Core i5-12500: C-State Residency,CPU [#0]: Intel Core i5-12500: C-State Residency,CPU [#0]: Intel Core i5-12500: C-State Residency,CPU [#0]: Intel Core i5-12500: C-State Residency,CPU [#0]: Intel Core i5-12500: C-State Residency,CPU [#0]: Intel Core i5-12500: C-State Residency,CPU [#0]: Intel Core i5-12500: C-State Residency,CPU [#0]: Intel Core i5-12500: C-State Residency,CPU [#0]: Intel Core i5-12500: C-State Residency,CPU [#0]: Intel Core i5-12500: C-State Residency,CPU [#0]: Intel Core i5-12500: C-State Residency,CPU [#0]: Intel Core i5-12500: C-State Residency,CPU [#0]: Intel Core i5-12500: C-State Residency,CPU [#0]: Intel Core i5-12500: C-State Residency,CPU [#0]: Intel Core i5-12500: C-State Residency,CPU [#0]: Intel Core i5-12500: C-State Residency,CPU [#0]: Intel Core i5-12500: C-State Residency,CPU [#0]: Intel Core i5-12500: C-State Residency,CPU [#0]: Intel Core i5-12500: C-State Residency,CPU [#0]: Intel Core i5-12500: C-State Residency,CPU [#0]: Intel Core i5-12500: C-State Residency,CPU [#0]: Intel Core i5-12500: C-State Residency,CPU [#0]: Intel Core i5-12500: C-State Residency,CPU [#0]: Intel Core i5-12500: C-State Residency,CPU [#0]: Intel Core i5-12500: C-State Residency,CPU [#0]: Intel Core i5-12500: C-State Residency,CPU [#0]: Intel Core i5-12500: C-State Residency,CPU [#0]: Intel Core i5-12500: C-State Residency,CPU [#0]: Intel Core i5-12500: C-State Residency,CPU [#0]: Intel Core i5-12500: C-State Residency,CPU [#0]: Intel Core i5-12500: C-State Residency,CPU [#0]: Intel Core i5-12500: C-State Residency,CPU [#0]: Intel Core i5-12500: C-State Residency,CPU [#0]: Intel Core i5-12500: C-State Residency,CPU [#0]: Intel Core i5-12500: C-State Residency,CPU [#0]: Intel Core i5-12500: C-State Residency,Memory Timings,Memory Timings,Memory Timings,Memory Timings,Memory Timings,Memory Timings,Memory Timings,Memory Timings,Memory Timings,Memory Timings,CPU [#0]: Intel Core i5-12500: Performance Limit Reasons,CPU [#0]: Intel Core i5-12500: Performance Limit Reasons,CPU [#0]: Intel Core i5-12500: Performance Limit Reasons,CPU [#0]: Intel Core i5-12500: Performance Limit Reasons,CPU [#0]: Intel Core i5-12500: Performance Limit Reasons,CPU [#0]: Intel Core i5-12500: Performance Limit Reasons,CPU [#0]: Intel Core i5-12500: Performance Limit Reasons,CPU [#0]: Intel Core i5-12500: Performance Limit Reasons,CPU [#0]: Intel Core i5-12500: Performance Limit Reasons,CPU [#0]: Intel Core i5-12500: Performance Limit Reasons,CPU [#0]: Intel Core i5-12500: Performance Limit Reasons,CPU [#0]: Intel Core i5-12500: Performance Limit Reasons,CPU [#0]: Intel Core i5-12500: Performance Limit Reasons,CPU [#0]: Intel Core i5-12500: Performance Limit Reasons,CPU [#0]: Intel Core i5-12500: Performance Limit Reasons,CPU [#0]: Intel Core i5-12500: Performance Limit Reasons,CPU [#0]: Intel Core i5-12500: Performance Limit Reasons,CPU [#0]: Intel Core i5-12500: Performance Limit Reasons,CPU [#0]: Intel Core i5-12500: Performance Limit Reasons,CPU [#0]: Intel Core i5-12500: Performance Limit Reasons,CPU [#0]: Intel Core i5-12500: Performance Limit Reasons,CPU [#0]: Intel Core i5-12500: Performance Limit Reasons,CPU [#0]: Intel Core i5-12500: Performance Limit Reasons,CPU [#0]: Intel Core i5-12500: Performance Limit Reasons,CPU [#0]: Intel Core i5-12500: Performance Limit Reasons,CPU [#0]: Intel Core i5-12500: Performance Limit Reasons,CPU [#0]: Intel Core i5-12500: Performance Limit Reasons,CPU [#0]: Intel Core i5-12500: Performance Limit Reasons,CPU [#0]: Intel Core i5-12500: Performance Limit Reasons,CPU [#0]: Intel Core i5-12500: Performance Limit Reasons,CPU [#0]: Intel Core i5-12500: Performance Limit Reasons,CPU [#0]: Intel Core i5-12500: Performance Limit Reasons,CPU [#0]: Intel Core i5-12500: Performance Limit Reasons,CPU [#0]: Intel Core i5-12500: Performance Limit Reasons,CPU [#0]: Intel Core i5-12500: Performance Limit Reasons,CPU [#0]: Intel Core i5-12500: Performance Limit Reasons,CPU [#0]: Intel Core i5-12500: Performance Limit Reasons,CPU [#0]: Intel Core i5-12500: Performance Limit Reasons,DELL 0GCY4M (Intel PCH),S.M.A.R.T.: WDC WD20EARX-00PASB0 (WD-WCAZA8369732) [D:],S.M.A.R.T.: WDC WD20EARX-00PASB0 (WD-WCAZA8369732) [D:],S.M.A.R.T.: WDC WD20EARX-00PASB0 (WD-WCAZA8369732) [D:],S.M.A.R.T.: KBG40ZNS256G NVMe KIOXIA 256GB (22APG7DOQXA3) [C:],S.M.A.R.T.: KBG40ZNS256G NVMe KIOXIA 256GB (22APG7DOQXA3) [C:],S.M.A.R.T.: KBG40ZNS256G NVMe KIOXIA 256GB (22APG7DOQXA3) [C:],S.M.A.R.T.: KBG40ZNS256G NVMe KIOXIA 256GB (22APG7DOQXA3) [C:],S.M.A.R.T.: KBG40ZNS256G NVMe KIOXIA 256GB (22APG7DOQXA3) [C:],S.M.A.R.T.: KBG40ZNS256G NVMe KIOXIA 256GB (22APG7DOQXA3) [C:],S.M.A.R.T.: KBG40ZNS256G NVMe KIOXIA 256GB (22APG7DOQXA3) [C:],S.M.A.R.T.: KBG40ZNS256G NVMe KIOXIA 256GB (22APG7DOQXA3) [C:],Drive: WDC WD20EARX-00PASB0 (WD-WCAZA8369732) [D:],Drive: WDC WD20EARX-00PASB0 (WD-WCAZA8369732) [D:],Drive: WDC WD20EARX-00PASB0 (WD-WCAZA8369732) [D:],Drive: WDC WD20EARX-00PASB0 (WD-WCAZA8369732) [D:],Drive: WDC WD20EARX-00PASB0 (WD-WCAZA8369732) [D:],Drive: WDC WD20EARX-00PASB0 (WD-WCAZA8369732) [D:],Drive: WDC WD20EARX-00PASB0 (WD-WCAZA8369732) [D:],Drive: KBG40ZNS256G NVMe KIOXIA 256GB (22APG7DOQXA3) [C:],Drive: KBG40ZNS256G NVMe KIOXIA 256GB (22APG7DOQXA3) [C:],Drive: KBG40ZNS256G NVMe KIOXIA 256GB (22APG7DOQXA3) [C:],Drive: KBG40ZNS256G NVMe KIOXIA 256GB (22APG7DOQXA3) [C:],Drive: KBG40ZNS256G NVMe KIOXIA 256GB (22APG7DOQXA3) [C:],Drive: KBG40ZNS256G NVMe KIOXIA 256GB (22APG7DOQXA3) [C:],Drive: KBG40ZNS256G NVMe KIOXIA 256GB (22APG7DOQXA3) [C:],PresentMon [WindowsTerminal.exe],PresentMon [WindowsTerminal.exe],PresentMon [WindowsTerminal.exe],PresentMon [WindowsTerminal.exe],PresentMon [WindowsTerminal.exe],PresentMon [WindowsTerminal.exe],PresentMon [WindowsTerminal.exe],PresentMon [WindowsTerminal.exe],PresentMon [WindowsTerminal.exe],PresentMon [WindowsTerminal.exe],PresentMon [WindowsTerminal.exe],Network: RealTek Semiconductor RTL8168/8111 PCI-E Gigabit Ethernet NIC - Ethernet,Network: RealTek Semiconductor RTL8168/8111 PCI-E Gigabit Ethernet NIC - Ethernet,Network: RealTek Semiconductor RTL8168/8111 PCI-E Gigabit Ethernet NIC - Ethernet,Network: RealTek Semiconductor RTL8168/8111 PCI-E Gigabit Ethernet NIC - Ethernet,Network: Realtek RTL8192EU Wireless LAN 802.11n USB 2.0 Network Adapter,Network: Realtek RTL8192EU Wireless LAN 802.11n USB 2.0 Network Adapter,Network: Realtek RTL8192EU Wireless LAN 802.11n USB 2.0 Network Adapter,Network: Realtek RTL8192EU Wireless LAN 802.11n USB 2.0 Network Adapter,Windows Hardware Errors (WHEA),
